timestamp,time,mac_address,rssi,tx_power,pos_x,pos_y,pos_z
1758855767298,2025-09-26 12:02:47.298,AC:23:3F:26:3E:F2,-63,127,1.0,8.5,1.5
1758855767424,2025-09-26 12:02:47.424,68:9E:19:03:95:F1,-78,127,1.0,8.5,1.5
1758855767477,2025-09-26 12:02:47.477,68:9E:19:03:95:F1,-78,127,1.0,8.5,1.5
1758855767482,2025-09-26 12:02:47.482,AC:23:3F:26:3E:EF,-63,127,1.0,8.5,1.5
1758855767553,2025-09-26 12:02:47.553,68:9E:19:03:95:F1,-82,127,1.0,8.5,1.5
1758855767628,2025-09-26 12:02:47.628,AC:23:3F:26:3E:F2,-69,127,1.0,8.5,1.5
1758855767633,2025-09-26 12:02:47.633,68:9E:19:03:95:F1,-72,127,1.0,8.5,1.5
1758855767653,2025-09-26 12:02:47.653,AC:23:3F:26:3E:F1,-78,127,1.0,8.5,1.5
1758855767709,2025-09-26 12:02:47.709,68:9E:19:03:95:84,-91,127,1.0,8.5,1.5
1758855767778,2025-09-26 12:02:47.778,AC:23:3F:26:3E:F1,-78,127,1.0,8.5,1.5
1758855767782,2025-09-26 12:02:47.782,68:9E:19:03:95:F1,-77,127,1.0,8.5,1.5
1758855767785,2025-09-26 12:02:47.785,68:9E:19:03:95:84,-86,127,1.0,8.5,1.5
1758855767820,2025-09-26 12:02:47.820,AC:23:3F:26:3E:F1,-85,127,1.0,8.5,1.5
1758855767847,2025-09-26 12:02:47.847,68:9E:19:03:95:F1,-81,127,1.0,8.5,1.5
1758855767947,2025-09-26 12:02:47.947,68:9E:19:03:95:F1,-74,127,1.0,8.5,1.5
1758855767968,2025-09-26 12:02:47.968,AC:23:3F:26:3E:F2,-60,127,1.0,8.5,1.5
1758855768011,2025-09-26 12:02:48.011,AC:23:3F:26:3E:F2,-69,127,1.0,8.5,1.5
1758855768041,2025-09-26 12:02:48.041,AC:23:3F:26:3E:EF,-63,127,1.0,8.5,1.5
1758855768061,2025-09-26 12:02:48.061,68:9E:19:03:95:F1,-76,127,1.0,8.5,1.5
1758855768167,2025-09-26 12:02:48.167,68:9E:19:03:95:F1,-81,127,1.0,8.5,1.5
1758855768266,2025-09-26 12:02:48.266,68:9E:19:03:95:F1,-76,127,1.0,8.5,1.5
1758855768324,2025-09-26 12:02:48.324,AC:23:3F:26:3E:F2,-67,127,1.0,8.5,1.5
1758855768361,2025-09-26 12:02:48.361,AC:23:3F:26:3E:F1,-79,127,1.0,8.5,1.5
1758855768371,2025-09-26 12:02:48.371,68:9E:19:03:95:F1,-78,127,1.0,8.5,1.5
1758855768384,2025-09-26 12:02:48.384,AC:23:3F:26:3E:F1,-79,127,1.0,8.5,1.5
1758855768399,2025-09-26 12:02:48.399,AC:23:3F:26:3E:F1,-72,127,1.0,8.5,1.5
1758855768481,2025-09-26 12:02:48.481,68:9E:19:03:95:F1,-80,127,1.0,8.5,1.5
1758855768578,2025-09-26 12:02:48.578,68:9E:19:03:95:F1,-78,127,1.0,8.5,1.5
1758855768613,2025-09-26 12:02:48.613,68:9E:19:03:95:84,-92,127,1.0,8.5,1.5
1758855768648,2025-09-26 12:02:48.648,AC:23:3F:26:3E:EF,-63,127,1.0,8.5,1.5
1758855768672,2025-09-26 12:02:48.672,AC:23:3F:26:3E:F2,-69,127,1.0,8.5,1.5
1758855768720,2025-09-26 12:02:48.720,68:9E:19:03:95:84,-88,127,1.0,8.5,1.5
1758855768726,2025-09-26 12:02:48.726,AC:23:3F:26:3E:F2,-54,127,1.0,8.5,1.5
1758855768820,2025-09-26 12:02:48.820,68:9E:19:03:95:84,-84,127,1.0,8.5,1.5
1758855768885,2025-09-26 12:02:48.885,68:9E:19:03:95:F1,-76,127,1.0,8.5,1.5
1758855768991,2025-09-26 12:02:48.991,68:9E:19:03:95:F1,-80,127,1.0,8.5,1.5
1758855769021,2025-09-26 12:02:49.021,68:9E:19:03:95:84,-86,127,1.0,8.5,1.5
1758855769025,2025-09-26 12:02:49.025,AC:23:3F:26:3E:F2,-54,127,1.0,8.5,1.5
1758855769069,2025-09-26 12:02:49.069,AC:23:3F:26:3E:F1,-73,127,1.0,8.5,1.5
1758855769095,2025-09-26 12:02:49.095,AC:23:3F:26:3E:F1,-73,127,1.0,8.5,1.5
1758855769101,2025-09-26 12:02:49.101,68:9E:19:03:95:F1,-78,127,1.0,8.5,1.5
1758855769116,2025-09-26 12:02:49.116,AC:23:3F:26:3E:F1,-75,127,1.0,8.5,1.5
1758855769192,2025-09-26 12:02:49.192,68:9E:19:03:95:F1,-74,127,1.0,8.5,1.5
1758855769262,2025-09-26 12:02:49.262,AC:23:3F:26:3E:EF,-63,127,1.0,8.5,1.5
1758855769301,2025-09-26 12:02:49.301,68:9E:19:03:95:F1,-77,127,1.0,8.5,1.5
1758855769343,2025-09-26 12:02:49.343,68:9E:19:03:95:84,-86,127,1.0,8.5,1.5
1758855769384,2025-09-26 12:02:49.384,AC:23:3F:26:3E:F2,-54,127,1.0,8.5,1.5
1758855769402,2025-09-26 12:02:49.402,68:9E:19:03:95:F1,-77,127,1.0,8.5,1.5
1758855769431,2025-09-26 12:02:49.431,AC:23:3F:26:3E:F2,-66,127,1.0,8.5,1.5
1758855769440,2025-09-26 12:02:49.440,68:9E:19:03:95:84,-91,127,1.0,8.5,1.5
1758855769546,2025-09-26 12:02:49.546,68:9E:19:03:95:84,-95,127,1.0,8.5,1.5
1758855769613,2025-09-26 12:02:49.613,68:9E:19:03:95:F1,-78,127,1.0,8.5,1.5
1758855769635,2025-09-26 12:02:49.635,AC:23:3F:26:3E:F2,-69,127,1.0,8.5,1.5
1758855769651,2025-09-26 12:02:49.651,68:9E:19:03:95:84,-90,127,1.0,8.5,1.5
1758855769718,2025-09-26 12:02:49.718,68:9E:19:03:95:F1,-77,127,1.0,8.5,1.5
1758855769729,2025-09-26 12:02:49.729,AC:23:3F:26:3E:F2,-65,127,1.0,8.5,1.5
1758855769804,2025-09-26 12:02:49.804,AC:23:3F:26:3E:F1,-78,127,1.0,8.5,1.5
1758855769826,2025-09-26 12:02:49.826,68:9E:19:03:95:F1,-78,127,1.0,8.5,1.5
1758855769830,2025-09-26 12:02:49.830,AC:23:3F:26:3E:F1,-77,127,1.0,8.5,1.5
1758855769864,2025-09-26 12:02:49.864,68:9E:19:03:95:84,-92,127,1.0,8.5,1.5
1758855769869,2025-09-26 12:02:49.869,AC:23:3F:26:3E:EF,-63,127,1.0,8.5,1.5
1758855769933,2025-09-26 12:02:49.933,68:9E:19:03:95:F1,-78,127,1.0,8.5,1.5
1758855770028,2025-09-26 12:02:50.028,68:9E:19:03:95:F1,-76,127,1.0,8.5,1.5
1758855770070,2025-09-26 12:02:50.070,68:9E:19:03:95:84,-90,127,1.0,8.5,1.5
1758855770134,2025-09-26 12:02:50.134,68:9E:19:03:95:F1,-80,127,1.0,8.5,1.5
1758855770139,2025-09-26 12:02:50.139,AC:23:3F:26:3E:F2,-85,127,1.0,8.5,1.5
1758855770285,2025-09-26 12:02:50.285,68:9E:19:03:95:84,-87,127,1.0,8.5,1.5
1758855770347,2025-09-26 12:02:50.347,68:9E:19:03:95:F1,-78,127,1.0,8.5,1.5
1758855770393,2025-09-26 12:02:50.393,68:9E:19:03:95:84,-86,127,1.0,8.5,1.5
1758855770453,2025-09-26 12:02:50.453,68:9E:19:03:95:F1,-78,127,1.0,8.5,1.5
1758855770476,2025-09-26 12:02:50.476,AC:23:3F:26:3E:EF,-63,127,1.0,8.5,1.5
1758855770501,2025-09-26 12:02:50.501,AC:23:3F:26:3E:F1,-74,127,1.0,8.5,1.5
1758855770526,2025-09-26 12:02:50.526,AC:23:3F:26:3E:F1,-74,127,1.0,8.5,1.5
1758855770550,2025-09-26 12:02:50.550,AC:23:3F:26:3E:F1,-74,127,1.0,8.5,1.5
1758855770565,2025-09-26 12:02:50.565,68:9E:19:03:95:F1,-78,127,1.0,8.5,1.5
1758855770599,2025-09-26 12:02:50.599,68:9E:19:03:95:84,-88,127,1.0,8.5,1.5
1758855770669,2025-09-26 12:02:50.669,68:9E:19:03:95:F1,-77,127,1.0,8.5,1.5
1758855770699,2025-09-26 12:02:50.699,68:9E:19:03:95:84,-94,127,1.0,8.5,1.5
1758855770769,2025-09-26 12:02:50.769,68:9E:19:03:95:F1,-79,127,1.0,8.5,1.5
1758855770798,2025-09-26 12:02:50.798,AC:23:3F:26:3E:F2,-54,127,1.0,8.5,1.5
1758855770816,2025-09-26 12:02:50.816,68:9E:19:03:95:84,-87,127,1.0,8.5,1.5
1758855770845,2025-09-26 12:02:50.845,AC:23:3F:26:3E:F2,-54,127,1.0,8.5,1.5
1758855770877,2025-09-26 12:02:50.877,68:9E:19:03:95:F1,-78,127,1.0,8.5,1.5
1758855770912,2025-09-26 12:02:50.912,68:9E:19:03:95:84,-86,127,1.0,8.5,1.5
1758855770977,2025-09-26 12:02:50.977,68:9E:19:03:95:F1,-75,127,1.0,8.5,1.5
1758855771075,2025-09-26 12:02:51.075,AC:23:3F:26:3E:EF,-63,127,1.0,8.5,1.5
1758855771084,2025-09-26 12:02:51.084,68:9E:19:03:95:F1,-78,127,1.0,8.5,1.5
1758855771128,2025-09-26 12:02:51.128,AC:23:3F:26:3E:F2,-54,127,1.0,8.5,1.5
1758855771194,2025-09-26 12:02:51.194,68:9E:19:03:95:F1,-78,127,1.0,8.5,1.5
1758855771216,2025-09-26 12:02:51.216,AC:23:3F:26:3E:F1,-76,127,1.0,8.5,1.5
1758855771241,2025-09-26 12:02:51.241,AC:23:3F:26:3E:F1,-77,127,1.0,8.5,1.5
1758855771245,2025-09-26 12:02:51.245,68:9E:19:03:95:84,-86,127,1.0,8.5,1.5
1758855771264,2025-09-26 12:02:51.264,AC:23:3F:26:3E:F1,-76,127,1.0,8.5,1.5
1758855771301,2025-09-26 12:02:51.301,68:9E:19:03:95:F1,-76,127,1.0,8.5,1.5
1758855771411,2025-09-26 12:02:51.411,68:9E:19:03:95:F1,-77,127,1.0,8.5,1.5
1758855771452,2025-09-26 12:02:51.452,68:9E:19:03:95:84,-88,127,1.0,8.5,1.5
1758855771511,2025-09-26 12:02:51.511,AC:23:3F:26:3E:F2,-65,127,1.0,8.5,1.5
1758855771517,2025-09-26 12:02:51.517,68:9E:19:03:95:F1,-76,127,1.0,8.5,1.5
1758855771558,2025-09-26 12:02:51.558,68:9E:19:03:95:84,-86,127,1.0,8.5,1.5
1758855771564,2025-09-26 12:02:51.564,AC:23:3F:26:3E:F2,-64,127,1.0,8.5,1.5
1758855771624,2025-09-26 12:02:51.624,68:9E:19:03:95:F1,-78,127,1.0,8.5,1.5
1758855771660,2025-09-26 12:02:51.660,68:9E:19:03:95:84,-93,127,1.0,8.5,1.5
1758855771681,2025-09-26 12:02:51.681,AC:23:3F:26:3E:EF,-63,127,1.0,8.5,1.5
1758855771733,2025-09-26 12:02:51.733,68:9E:19:03:95:F1,-76,127,1.0,8.5,1.5
1758855771768,2025-09-26 12:02:51.768,68:9E:19:03:95:84,-91,127,1.0,8.5,1.5
1758855771829,2025-09-26 12:02:51.829,AC:23:3F:26:3E:F2,-64,127,1.0,8.5,1.5
1758855771834,2025-09-26 12:02:51.834,68:9E:19:03:95:F1,-78,127,1.0,8.5,1.5
1758855771839,2025-09-26 12:02:51.839,AC:23:3F:26:3E:F1,-90,127,1.0,8.5,1.5
1758855771877,2025-09-26 12:02:51.877,68:9E:19:03:95:84,-85,127,1.0,8.5,1.5
1758855771929,2025-09-26 12:02:51.929,AC:23:3F:26:3E:F1,-74,127,1.0,8.5,1.5
1758855771948,2025-09-26 12:02:51.948,AC:23:3F:26:3E:F1,-74,127,1.0,8.5,1.5
1758855771969,2025-09-26 12:02:51.969,AC:23:3F:26:3E:F1,-74,127,1.0,8.5,1.5
1758855771980,2025-09-26 12:02:51.980,68:9E:19:03:95:84,-93,127,1.0,8.5,1.5
1758855772049,2025-09-26 12:02:52.049,68:9E:19:03:95:F1,-78,127,1.0,8.5,1.5
1758855772081,2025-09-26 12:02:52.081,68:9E:19:03:95:84,-89,127,1.0,8.5,1.5
1758855772156,2025-09-26 12:02:52.156,68:9E:19:03:95:F1,-76,127,1.0,8.5,1.5
1758855772186,2025-09-26 12:02:52.186,68:9E:19:03:95:84,-87,127,1.0,8.5,1.5
1758855772216,2025-09-26 12:02:52.216,AC:23:3F:26:3E:F2,-67,127,1.0,8.5,1.5
1758855772268,2025-09-26 12:02:52.268,AC:23:3F:26:3E:F2,-66,127,1.0,8.5,1.5
1758855772278,2025-09-26 12:02:52.278,AC:23:3F:26:3E:EF,-62,127,1.0,8.5,1.5
1758855772367,2025-09-26 12:02:52.367,68:9E:19:03:95:F1,-78,127,1.0,8.5,1.5
1758855772394,2025-09-26 12:02:52.394,68:9E:19:03:95:84,-88,127,1.0,8.5,1.5
1758855772480,2025-09-26 12:02:52.480,68:9E:19:03:95:F1,-78,127,1.0,8.5,1.5
1758855772528,2025-09-26 12:02:52.528,AC:23:3F:26:3E:F2,-66,127,1.0,8.5,1.5
1758855772601,2025-09-26 12:02:52.601,68:9E:19:03:95:84,-90,127,1.0,8.5,1.5
1758855772630,2025-09-26 12:02:52.630,AC:23:3F:26:3E:F1,-73,127,1.0,8.5,1.5
1758855772659,2025-09-26 12:02:52.659,AC:23:3F:26:3E:F1,-74,127,1.0,8.5,1.5
1758855772682,2025-09-26 12:02:52.682,AC:23:3F:26:3E:F1,-74,127,1.0,8.5,1.5
1758855772685,2025-09-26 12:02:52.685,68:9E:19:03:95:F1,-78,127,1.0,8.5,1.5
1758855772701,2025-09-26 12:02:52.701,68:9E:19:03:95:84,-89,127,1.0,8.5,1.5
1758855772777,2025-09-26 12:02:52.777,68:9E:19:03:95:F1,-77,127,1.0,8.5,1.5
1758855772916,2025-09-26 12:02:52.916,68:9E:19:03:95:84,-89,127,1.0,8.5,1.5
1758855772977,2025-09-26 12:02:52.977,AC:23:3F:26:3E:F2,-55,127,1.0,8.5,1.5
1758855772997,2025-09-26 12:02:52.997,68:9E:19:03:95:F1,-78,127,1.0,8.5,1.5
1758855773100,2025-09-26 12:02:53.100,68:9E:19:03:95:F1,-76,127,1.0,8.5,1.5
1758855773196,2025-09-26 12:02:53.196,68:9E:19:03:95:F1,-78,127,1.0,8.5,1.5
1758855773231,2025-09-26 12:02:53.231,AC:23:3F:26:3E:F2,-54,127,1.0,8.5,1.5
1758855773238,2025-09-26 12:02:53.238,68:9E:19:03:95:84,-89,127,1.0,8.5,1.5
1758855773300,2025-09-26 12:02:53.300,68:9E:19:03:95:F1,-76,127,1.0,8.5,1.5
1758855773333,2025-09-26 12:02:53.333,68:9E:19:03:95:84,-89,127,1.0,8.5,1.5
1758855773354,2025-09-26 12:02:53.354,AC:23:3F:26:3E:F1,-77,127,1.0,8.5,1.5
1758855773375,2025-09-26 12:02:53.375,AC:23:3F:26:3E:F1,-77,127,1.0,8.5,1.5
1758855773394,2025-09-26 12:02:53.394,AC:23:3F:26:3E:F1,-75,127,1.0,8.5,1.5
1758855773413,2025-09-26 12:02:53.413,68:9E:19:03:95:F1,-77,127,1.0,8.5,1.5
1758855773490,2025-09-26 12:02:53.490,AC:23:3F:26:3E:EF,-62,127,1.0,8.5,1.5
1758855773516,2025-09-26 12:02:53.516,68:9E:19:03:95:F1,-78,127,1.0,8.5,1.5
1758855773626,2025-09-26 12:02:53.626,68:9E:19:03:95:F1,-76,127,1.0,8.5,1.5
1758855773633,2025-09-26 12:02:53.633,AC:23:3F:26:3E:F2,-76,127,1.0,8.5,1.5
1758855773658,2025-09-26 12:02:53.658,AC:23:3F:26:3E:F2,-64,127,1.0,8.5,1.5
1758855773683,2025-09-26 12:02:53.683,AC:23:3F:26:3E:F2,-64,127,1.0,8.5,1.5
1758855773725,2025-09-26 12:02:53.725,68:9E:19:03:95:F1,-76,127,1.0,8.5,1.5
1758855773751,2025-09-26 12:02:53.751,68:9E:19:03:95:84,-92,127,1.0,8.5,1.5
1758855773834,2025-09-26 12:02:53.834,68:9E:19:03:95:F1,-80,127,1.0,8.5,1.5
1758855773858,2025-09-26 12:02:53.858,68:9E:19:03:95:84,-88,127,1.0,8.5,1.5
1758855773940,2025-09-26 12:02:53.940,68:9E:19:03:95:F1,-76,127,1.0,8.5,1.5
1758855773962,2025-09-26 12:02:53.962,68:9E:19:03:95:84,-90,127,1.0,8.5,1.5
1758855774048,2025-09-26 12:02:54.048,68:9E:19:03:95:F1,-78,127,1.0,8.5,1.5
1758855774076,2025-09-26 12:02:54.076,AC:23:3F:26:3E:F1,-74,127,1.0,8.5,1.5
1758855774094,2025-09-26 12:02:54.094,AC:23:3F:26:3E:EF,-62,127,1.0,8.5,1.5
1758855774099,2025-09-26 12:02:54.099,AC:23:3F:26:3E:EF,-59,127,1.0,8.5,1.5
1758855774102,2025-09-26 12:02:54.102,AC:23:3F:26:3E:F1,-73,127,1.0,8.5,1.5
1758855774147,2025-09-26 12:02:54.147,68:9E:19:03:95:F1,-76,127,1.0,8.5,1.5
1758855774173,2025-09-26 12:02:54.173,68:9E:19:03:95:84,-87,127,1.0,8.5,1.5
1758855774251,2025-09-26 12:02:54.251,68:9E:19:03:95:F1,-77,127,1.0,8.5,1.5
1758855774349,2025-09-26 12:02:54.349,AC:23:3F:26:3E:F2,-67,127,1.0,8.5,1.5
1758855774359,2025-09-26 12:02:54.359,68:9E:19:03:95:F1,-77,127,1.0,8.5,1.5
1758855774378,2025-09-26 12:02:54.378,68:9E:19:03:95:84,-91,127,1.0,8.5,1.5
1758855774391,2025-09-26 12:02:54.391,AC:23:3F:26:3E:F2,-67,127,1.0,8.5,1.5
1758855774465,2025-09-26 12:02:54.465,68:9E:19:03:95:F1,-77,127,1.0,8.5,1.5
1758855774487,2025-09-26 12:02:54.487,68:9E:19:03:95:84,-88,127,1.0,8.5,1.5
1758855774575,2025-09-26 12:02:54.575,68:9E:19:03:95:F1,-76,127,1.0,8.5,1.5
1758855774594,2025-09-26 12:02:54.594,68:9E:19:03:95:84,-91,127,1.0,8.5,1.5
1758855774628,2025-09-26 12:02:54.628,AC:23:3F:26:3E:F2,-69,127,1.0,8.5,1.5
1758855774682,2025-09-26 12:02:54.682,68:9E:19:03:95:F1,-78,127,1.0,8.5,1.5
1758855774705,2025-09-26 12:02:54.705,68:9E:19:03:95:84,-89,127,1.0,8.5,1.5
1758855774773,2025-09-26 12:02:54.773,AC:23:3F:26:3E:F1,-73,127,1.0,8.5,1.5
1758855774795,2025-09-26 12:02:54.795,68:9E:19:03:95:F1,-76,127,1.0,8.5,1.5
1758855774820,2025-09-26 12:02:54.820,AC:23:3F:26:3E:F1,-76,127,1.0,8.5,1.5
1758855774892,2025-09-26 12:02:54.892,68:9E:19:03:95:F1,-77,127,1.0,8.5,1.5
1758855774910,2025-09-26 12:02:54.910,68:9E:19:03:95:84,-91,127,1.0,8.5,1.5
1758855775018,2025-09-26 12:02:55.018,68:9E:19:03:95:84,-91,127,1.0,8.5,1.5
1758855775053,2025-09-26 12:02:55.053,AC:23:3F:26:3E:F2,-54,127,1.0,8.5,1.5
1758855775122,2025-09-26 12:02:55.122,68:9E:19:03:95:84,-88,127,1.0,8.5,1.5
1758855775206,2025-09-26 12:02:55.206,68:9E:19:03:95:F1,-78,127,1.0,8.5,1.5
1758855775235,2025-09-26 12:02:55.235,68:9E:19:03:95:84,-90,127,1.0,8.5,1.5
1758855775305,2025-09-26 12:02:55.305,AC:23:3F:26:3E:EF,-58,127,1.0,8.5,1.5
1758855775314,2025-09-26 12:02:55.314,68:9E:19:03:95:F1,-78,127,1.0,8.5,1.5
1758855775334,2025-09-26 12:02:55.334,AC:23:3F:26:3E:F2,-54,127,1.0,8.5,1.5
1758855775419,2025-09-26 12:02:55.419,68:9E:19:03:95:F1,-78,127,1.0,8.5,1.5
1758855775441,2025-09-26 12:02:55.441,68:9E:19:03:95:84,-89,127,1.0,8.5,1.5
1758855775489,2025-09-26 12:02:55.489,AC:23:3F:26:3E:F1,-75,127,1.0,8.5,1.5
1758855775510,2025-09-26 12:02:55.510,AC:23:3F:26:3E:F1,-74,127,1.0,8.5,1.5
1758855775525,2025-09-26 12:02:55.525,68:9E:19:03:95:F1,-78,127,1.0,8.5,1.5
1758855775528,2025-09-26 12:02:55.528,AC:23:3F:26:3E:F1,-74,127,1.0,8.5,1.5
1758855775625,2025-09-26 12:02:55.625,68:9E:19:03:95:F1,-77,127,1.0,8.5,1.5
1758855775730,2025-09-26 12:02:55.730,68:9E:19:03:95:F1,-76,127,1.0,8.5,1.5
1758855775754,2025-09-26 12:02:55.754,68:9E:19:03:95:84,-86,127,1.0,8.5,1.5
1758855775764,2025-09-26 12:02:55.764,AC:23:3F:26:3E:F2,-65,127,1.0,8.5,1.5
1758855775819,2025-09-26 12:02:55.819,AC:23:3F:26:3E:F2,-82,127,1.0,8.5,1.5
1758855775833,2025-09-26 12:02:55.833,68:9E:19:03:95:F1,-77,127,1.0,8.5,1.5
1758855775960,2025-09-26 12:02:55.960,68:9E:19:03:95:84,-89,127,1.0,8.5,1.5
1758855776032,2025-09-26 12:02:56.032,AC:23:3F:26:3E:F2,-63,127,1.0,8.5,1.5
1758855776058,2025-09-26 12:02:56.058,68:9E:19:03:95:84,-89,127,1.0,8.5,1.5
1758855776143,2025-09-26 12:02:56.143,68:9E:19:03:95:F1,-78,127,1.0,8.5,1.5
1758855776171,2025-09-26 12:02:56.171,68:9E:19:03:95:84,-92,127,1.0,8.5,1.5
1758855776203,2025-09-26 12:02:56.203,AC:23:3F:26:3E:F1,-73,127,1.0,8.5,1.5
1758855776240,2025-09-26 12:02:56.240,AC:23:3F:26:3E:F1,-74,127,1.0,8.5,1.5
1758855776244,2025-09-26 12:02:56.244,68:9E:19:03:95:F1,-78,127,1.0,8.5,1.5
1758855776273,2025-09-26 12:02:56.273,68:9E:19:03:95:84,-90,127,1.0,8.5,1.5
1758855776353,2025-09-26 12:02:56.353,68:9E:19:03:95:F1,-77,127,1.0,8.5,1.5
1758855776383,2025-09-26 12:02:56.383,68:9E:19:03:95:84,-90,127,1.0,8.5,1.5
1758855776470,2025-09-26 12:02:56.470,AC:23:3F:26:3E:F2,-70,127,1.0,8.5,1.5
1758855776564,2025-09-26 12:02:56.564,68:9E:19:03:95:F1,-78,127,1.0,8.5,1.5
1758855776585,2025-09-26 12:02:56.585,68:9E:19:03:95:84,-91,127,1.0,8.5,1.5
1758855776670,2025-09-26 12:02:56.670,68:9E:19:03:95:F1,-75,127,1.0,8.5,1.5
1758855776694,2025-09-26 12:02:56.694,68:9E:19:03:95:84,-90,127,1.0,8.5,1.5
1758855776738,2025-09-26 12:02:56.738,AC:23:3F:26:3E:F2,-69,127,1.0,8.5,1.5
1758855776743,2025-09-26 12:02:56.743,AC:23:3F:26:3E:EF,-60,127,1.0,8.5,1.5
1758855776765,2025-09-26 12:02:56.765,AC:23:3F:26:3E:EF,-59,127,1.0,8.5,1.5
1758855776801,2025-09-26 12:02:56.801,68:9E:19:03:95:84,-89,127,1.0,8.5,1.5
1758855776886,2025-09-26 12:02:56.886,68:9E:19:03:95:F1,-77,127,1.0,8.5,1.5
1758855776913,2025-09-26 12:02:56.913,68:9E:19:03:95:84,-91,127,1.0,8.5,1.5
1758855776919,2025-09-26 12:02:56.919,AC:23:3F:26:3E:F1,-76,127,1.0,8.5,1.5
1758855776934,2025-09-26 12:02:56.934,AC:23:3F:26:3E:F1,-76,127,1.0,8.5,1.5
1758855776951,2025-09-26 12:02:56.951,AC:23:3F:26:3E:F1,-75,127,1.0,8.5,1.5
1758855776988,2025-09-26 12:02:56.988,68:9E:19:03:95:F1,-76,127,1.0,8.5,1.5
1758855777012,2025-09-26 12:02:57.012,68:9E:19:03:95:84,-92,127,1.0,8.5,1.5
1758855777093,2025-09-26 12:02:57.093,68:9E:19:03:95:F1,-77,127,1.0,8.5,1.5
1758855777122,2025-09-26 12:02:57.122,68:9E:19:03:95:84,-90,127,1.0,8.5,1.5
1758855777187,2025-09-26 12:02:57.187,AC:23:3F:26:3E:F2,-54,127,1.0,8.5,1.5
1758855777196,2025-09-26 12:02:57.196,68:9E:19:03:95:F1,-79,127,1.0,8.5,1.5
1758855777224,2025-09-26 12:02:57.224,68:9E:19:03:95:84,-87,127,1.0,8.5,1.5
1758855777230,2025-09-26 12:02:57.230,AC:23:3F:26:3E:F2,-64,127,1.0,8.5,1.5
1758855777301,2025-09-26 12:02:57.301,68:9E:19:03:95:F1,-75,127,1.0,8.5,1.5
1758855777333,2025-09-26 12:02:57.333,68:9E:19:03:95:84,-90,127,1.0,8.5,1.5
1758855777405,2025-09-26 12:02:57.405,68:9E:19:03:95:F1,-78,127,1.0,8.5,1.5
1758855777437,2025-09-26 12:02:57.437,68:9E:19:03:95:84,-91,127,1.0,8.5,1.5
1758855777441,2025-09-26 12:02:57.441,AC:23:3F:26:3E:F2,-54,127,1.0,8.5,1.5
1758855777503,2025-09-26 12:02:57.503,68:9E:19:03:95:F1,-75,127,1.0,8.5,1.5
1758855777536,2025-09-26 12:02:57.536,68:9E:19:03:95:84,-85,127,1.0,8.5,1.5
1758855777605,2025-09-26 12:02:57.605,68:9E:19:03:95:F1,-78,127,1.0,8.5,1.5
1758855777626,2025-09-26 12:02:57.626,AC:23:3F:26:3E:F1,-74,127,1.0,8.5,1.5
1758855777631,2025-09-26 12:02:57.631,AC:23:3F:26:3E:F2,-81,127,1.0,8.5,1.5
1758855777650,2025-09-26 12:02:57.650,68:9E:19:03:95:84,-93,127,1.0,8.5,1.5
1758855777654,2025-09-26 12:02:57.654,AC:23:3F:26:3E:F1,-74,127,1.0,8.5,1.5
1758855777667,2025-09-26 12:02:57.667,AC:23:3F:26:3E:F1,-74,127,1.0,8.5,1.5
1758855777717,2025-09-26 12:02:57.717,68:9E:19:03:95:F1,-79,127,1.0,8.5,1.5
1758855777750,2025-09-26 12:02:57.750,68:9E:19:03:95:84,-91,127,1.0,8.5,1.5
1758855777815,2025-09-26 12:02:57.815,68:9E:19:03:95:F1,-75,127,1.0,8.5,1.5
1758855777862,2025-09-26 12:02:57.862,68:9E:19:03:95:84,-87,127,1.0,8.5,1.5
1758855777889,2025-09-26 12:02:57.889,AC:23:3F:26:3E:F2,-65,127,1.0,8.5,1.5
1758855777913,2025-09-26 12:02:57.913,68:9E:19:03:95:F1,-75,127,1.0,8.5,1.5
1758855778029,2025-09-26 12:02:58.029,68:9E:19:03:95:F1,-79,127,1.0,8.5,1.5
1758855778133,2025-09-26 12:02:58.133,68:9E:19:03:95:F1,-77,127,1.0,8.5,1.5
1758855778138,2025-09-26 12:02:58.138,AC:23:3F:26:3E:F2,-64,127,1.0,8.5,1.5
1758855778156,2025-09-26 12:02:58.156,AC:23:3F:26:3E:EF,-66,127,1.0,8.5,1.5
1758855778172,2025-09-26 12:02:58.172,68:9E:19:03:95:84,-86,127,1.0,8.5,1.5
1758855778235,2025-09-26 12:02:58.235,68:9E:19:03:95:F1,-75,127,1.0,8.5,1.5
1758855778284,2025-09-26 12:02:58.284,68:9E:19:03:95:84,-91,127,1.0,8.5,1.5
1758855778342,2025-09-26 12:02:58.342,AC:23:3F:26:3E:F1,-73,127,1.0,8.5,1.5
1758855778347,2025-09-26 12:02:58.347,68:9E:19:03:95:F1,-78,127,1.0,8.5,1.5
1758855778373,2025-09-26 12:02:58.373,AC:23:3F:26:3E:F1,-73,127,1.0,8.5,1.5
1758855778391,2025-09-26 12:02:58.391,68:9E:19:03:95:84,-90,127,1.0,8.5,1.5
1758855778452,2025-09-26 12:02:58.452,68:9E:19:03:95:F1,-76,127,1.0,8.5,1.5
1758855778494,2025-09-26 12:02:58.494,68:9E:19:03:95:84,-87,127,1.0,8.5,1.5
1758855778555,2025-09-26 12:02:58.555,68:9E:19:03:95:F1,-77,127,1.0,8.5,1.5
1758855778599,2025-09-26 12:02:58.599,68:9E:19:03:95:84,-92,127,1.0,8.5,1.5
1758855778604,2025-09-26 12:02:58.604,AC:23:3F:26:3E:F2,-57,127,1.0,8.5,1.5
1758855778654,2025-09-26 12:02:58.654,AC:23:3F:26:3E:F2,-55,127,1.0,8.5,1.5
1758855778661,2025-09-26 12:02:58.661,68:9E:19:03:95:F1,-78,127,1.0,8.5,1.5
1758855778701,2025-09-26 12:02:58.701,68:9E:19:03:95:84,-87,127,1.0,8.5,1.5
1758855778764,2025-09-26 12:02:58.764,AC:23:3F:26:3E:EF,-66,127,1.0,8.5,1.5
1758855778769,2025-09-26 12:02:58.769,68:9E:19:03:95:F1,-76,127,1.0,8.5,1.5
1758855778804,2025-09-26 12:02:58.804,68:9E:19:03:95:84,-93,127,1.0,8.5,1.5
1758855778834,2025-09-26 12:02:58.834,AC:23:3F:26:3E:F2,-69,127,1.0,8.5,1.5
1758855778983,2025-09-26 12:02:58.983,68:9E:19:03:95:F1,-78,127,1.0,8.5,1.5
1758855779057,2025-09-26 12:02:59.057,AC:23:3F:26:3E:F1,-76,127,1.0,8.5,1.5
1758855779082,2025-09-26 12:02:59.082,AC:23:3F:26:3E:F1,-77,127,1.0,8.5,1.5
1758855779088,2025-09-26 12:02:59.088,68:9E:19:03:95:F1,-76,127,1.0,8.5,1.5
1758855779092,2025-09-26 12:02:59.092,AC:23:3F:26:3E:F1,-77,127,1.0,8.5,1.5
1758855779120,2025-09-26 12:02:59.120,68:9E:19:03:95:84,-92,127,1.0,8.5,1.5
1758855779196,2025-09-26 12:02:59.196,68:9E:19:03:95:F1,-77,127,1.0,8.5,1.5
1758855779298,2025-09-26 12:02:59.298,68:9E:19:03:95:F1,-78,127,1.0,8.5,1.5
1758855779316,2025-09-26 12:02:59.316,AC:23:3F:26:3E:F2,-68,127,1.0,8.5,1.5
1758855779341,2025-09-26 12:02:59.341,68:9E:19:03:95:84,-85,127,1.0,8.5,1.5
1758855779367,2025-09-26 12:02:59.367,AC:23:3F:26:3E:F2,-64,127,1.0,8.5,1.5
1758855779371,2025-09-26 12:02:59.371,AC:23:3F:26:3E:EF,-69,127,1.0,8.5,1.5
1758855779393,2025-09-26 12:02:59.393,68:9E:19:03:95:F1,-76,127,1.0,8.5,1.5
1758855779444,2025-09-26 12:02:59.444,68:9E:19:03:95:84,-92,127,1.0,8.5,1.5
1758855779501,2025-09-26 12:02:59.501,68:9E:19:03:95:F1,-78,127,1.0,8.5,1.5
1758855779544,2025-09-26 12:02:59.544,AC:23:3F:26:3E:F2,-55,127,1.0,8.5,1.5
1758855779550,2025-09-26 12:02:59.550,68:9E:19:03:95:84,-91,127,1.0,8.5,1.5
1758855779606,2025-09-26 12:02:59.606,68:9E:19:03:95:F1,-76,127,1.0,8.5,1.5
1758855779652,2025-09-26 12:02:59.652,68:9E:19:03:95:84,-86,127,1.0,8.5,1.5
1758855779717,2025-09-26 12:02:59.717,68:9E:19:03:95:F1,-77,127,1.0,8.5,1.5
1758855779762,2025-09-26 12:02:59.762,68:9E:19:03:95:84,-92,127,1.0,8.5,1.5
1758855779767,2025-09-26 12:02:59.767,AC:23:3F:26:3E:F1,-74,127,1.0,8.5,1.5
1758855779790,2025-09-26 12:02:59.790,AC:23:3F:26:3E:F1,-74,127,1.0,8.5,1.5
1758855779807,2025-09-26 12:02:59.807,AC:23:3F:26:3E:F1,-73,127,1.0,8.5,1.5
1758855779820,2025-09-26 12:02:59.820,68:9E:19:03:95:F1,-78,127,1.0,8.5,1.5
1758855779864,2025-09-26 12:02:59.864,AC:23:3F:26:3E:F1,-84,127,1.0,8.5,1.5
1758855779867,2025-09-26 12:02:59.867,68:9E:19:03:95:84,-92,127,1.0,8.5,1.5
1758855779924,2025-09-26 12:02:59.924,68:9E:19:03:95:F1,-77,127,1.0,8.5,1.5
1758855779973,2025-09-26 12:02:59.973,68:9E:19:03:95:84,-86,127,1.0,8.5,1.5
1758855779979,2025-09-26 12:02:59.979,AC:23:3F:26:3E:EF,-66,127,1.0,8.5,1.5
1758855780021,2025-09-26 12:03:00.021,AC:23:3F:26:3E:F2,-68,127,1.0,8.5,1.5
1758855780029,2025-09-26 12:03:00.029,68:9E:19:03:95:F1,-76,127,1.0,8.5,1.5
1758855780077,2025-09-26 12:03:00.077,AC:23:3F:26:3E:F2,-82,127,1.0,8.5,1.5
1758855780083,2025-09-26 12:03:00.083,68:9E:19:03:95:84,-90,127,1.0,8.5,1.5
1758855780127,2025-09-26 12:03:00.127,68:9E:19:03:95:F1,-77,127,1.0,8.5,1.5
1758855780188,2025-09-26 12:03:00.188,68:9E:19:03:95:84,-92,127,1.0,8.5,1.5
1758855780242,2025-09-26 12:03:00.242,AC:23:3F:26:3E:F2,-64,127,1.0,8.5,1.5
1758855780333,2025-09-26 12:03:00.333,68:9E:19:03:95:F1,-75,127,1.0,8.5,1.5
1758855780394,2025-09-26 12:03:00.394,68:9E:19:03:95:84,-92,127,1.0,8.5,1.5
1758855780482,2025-09-26 12:03:00.482,AC:23:3F:26:3E:F1,-74,127,1.0,8.5,1.5
1758855780496,2025-09-26 12:03:00.496,68:9E:19:03:95:84,-87,127,1.0,8.5,1.5
1758855780523,2025-09-26 12:03:00.523,AC:23:3F:26:3E:F1,-77,127,1.0,8.5,1.5
1758855780581,2025-09-26 12:03:00.581,AC:23:3F:26:3E:EF,-66,127,1.0,8.5,1.5
1758855780605,2025-09-26 12:03:00.605,68:9E:19:03:95:84,-92,127,1.0,8.5,1.5
1758855780638,2025-09-26 12:03:00.638,68:9E:19:03:95:F1,-74,127,1.0,8.5,1.5
1758855780704,2025-09-26 12:03:00.704,68:9E:19:03:95:84,-92,127,1.0,8.5,1.5
1758855780733,2025-09-26 12:03:00.733,AC:23:3F:26:3E:F2,-55,127,1.0,8.5,1.5
1758855780740,2025-09-26 12:03:00.740,68:9E:19:03:95:F1,-78,127,1.0,8.5,1.5
1758855780785,2025-09-26 12:03:00.785,AC:23:3F:26:3E:F2,-55,127,1.0,8.5,1.5
1758855780805,2025-09-26 12:03:00.805,68:9E:19:03:95:84,-86,127,1.0,8.5,1.5
1758855780845,2025-09-26 12:03:00.845,68:9E:19:03:95:F1,-75,127,1.0,8.5,1.5
1758855780911,2025-09-26 12:03:00.911,68:9E:19:03:95:84,-92,127,1.0,8.5,1.5
1758855780946,2025-09-26 12:03:00.946,AC:23:3F:26:3E:F2,-69,127,1.0,8.5,1.5
1758855780953,2025-09-26 12:03:00.953,68:9E:19:03:95:F1,-77,127,1.0,8.5,1.5
1758855781013,2025-09-26 12:03:01.013,68:9E:19:03:95:84,-92,127,1.0,8.5,1.5
1758855781050,2025-09-26 12:03:01.050,68:9E:19:03:95:F1,-78,127,1.0,8.5,1.5
1758855781115,2025-09-26 12:03:01.115,68:9E:19:03:95:84,-87,127,1.0,8.5,1.5
1758855781151,2025-09-26 12:03:01.151,68:9E:19:03:95:F1,-76,127,1.0,8.5,1.5
1758855781179,2025-09-26 12:03:01.179,AC:23:3F:26:3E:EF,-66,127,1.0,8.5,1.5
1758855781197,2025-09-26 12:03:01.197,AC:23:3F:26:3E:F1,-77,127,1.0,8.5,1.5
1758855781212,2025-09-26 12:03:01.212,AC:23:3F:26:3E:F1,-74,127,1.0,8.5,1.5
1758855781226,2025-09-26 12:03:01.226,68:9E:19:03:95:84,-92,127,1.0,8.5,1.5
1758855781242,2025-09-26 12:03:01.242,AC:23:3F:26:3E:F1,-74,127,1.0,8.5,1.5
1758855781260,2025-09-26 12:03:01.260,68:9E:19:03:95:F1,-77,127,1.0,8.5,1.5
1758855781326,2025-09-26 12:03:01.326,68:9E:19:03:95:84,-91,127,1.0,8.5,1.5
1758855781360,2025-09-26 12:03:01.360,68:9E:19:03:95:F1,-78,127,1.0,8.5,1.5
1758855781427,2025-09-26 12:03:01.427,68:9E:19:03:95:84,-86,127,1.0,8.5,1.5
1758855781445,2025-09-26 12:03:01.445,AC:23:3F:26:3E:F2,-64,127,1.0,8.5,1.5
1758855781466,2025-09-26 12:03:01.466,68:9E:19:03:95:F1,-77,127,1.0,8.5,1.5
1758855781498,2025-09-26 12:03:01.498,AC:23:3F:26:3E:F2,-68,127,1.0,8.5,1.5
1758855781637,2025-09-26 12:03:01.637,AC:23:3F:26:3E:F2,-67,127,1.0,8.5,1.5
1758855781664,2025-09-26 12:03:01.664,AC:23:3F:26:3E:F2,-55,127,1.0,8.5,1.5
1758855781676,2025-09-26 12:03:01.676,68:9E:19:03:95:F1,-78,127,1.0,8.5,1.5
1758855781749,2025-09-26 12:03:01.749,68:9E:19:03:95:84,-85,127,1.0,8.5,1.5
1758855781775,2025-09-26 12:03:01.775,68:9E:19:03:95:F1,-77,127,1.0,8.5,1.5
1758855781785,2025-09-26 12:03:01.785,AC:23:3F:26:3E:EF,-66,127,1.0,8.5,1.5
1758855781889,2025-09-26 12:03:01.889,68:9E:19:03:95:F1,-77,127,1.0,8.5,1.5
1758855781909,2025-09-26 12:03:01.909,AC:23:3F:26:3E:F1,-72,127,1.0,8.5,1.5
1758855781928,2025-09-26 12:03:01.928,AC:23:3F:26:3E:F1,-72,127,1.0,8.5,1.5
1758855781945,2025-09-26 12:03:01.945,AC:23:3F:26:3E:F1,-72,127,1.0,8.5,1.5
1758855781952,2025-09-26 12:03:01.952,68:9E:19:03:95:84,-90,127,1.0,8.5,1.5
1758855781994,2025-09-26 12:03:01.994,68:9E:19:03:95:F1,-78,127,1.0,8.5,1.5
1758855782059,2025-09-26 12:03:02.059,68:9E:19:03:95:84,-86,127,1.0,8.5,1.5
1758855782088,2025-09-26 12:03:02.088,68:9E:19:03:95:F1,-76,127,1.0,8.5,1.5
1758855782144,2025-09-26 12:03:02.144,AC:23:3F:26:3E:F2,-68,127,1.0,8.5,1.5
1758855782157,2025-09-26 12:03:02.157,68:9E:19:03:95:84,-92,127,1.0,8.5,1.5
1758855782197,2025-09-26 12:03:02.197,68:9E:19:03:95:F1,-77,127,1.0,8.5,1.5
1758855782206,2025-09-26 12:03:02.206,AC:23:3F:26:3E:F2,-55,127,1.0,8.5,1.5
1758855782260,2025-09-26 12:03:02.260,68:9E:19:03:95:84,-91,127,1.0,8.5,1.5
1758855782303,2025-09-26 12:03:02.303,68:9E:19:03:95:F1,-77,127,1.0,8.5,1.5
1758855782344,2025-09-26 12:03:02.344,AC:23:3F:26:3E:F2,-64,127,1.0,8.5,1.5
1758855782362,2025-09-26 12:03:02.362,68:9E:19:03:95:84,-85,127,1.0,8.5,1.5
1758855782395,2025-09-26 12:03:02.395,AC:23:3F:26:3E:EF,-63,127,1.0,8.5,1.5
1758855782468,2025-09-26 12:03:02.468,68:9E:19:03:95:84,-95,127,1.0,8.5,1.5
1758855782514,2025-09-26 12:03:02.514,68:9E:19:03:95:F1,-78,127,1.0,8.5,1.5
1758855782617,2025-09-26 12:03:02.617,68:9E:19:03:95:F1,-75,127,1.0,8.5,1.5
1758855782625,2025-09-26 12:03:02.625,AC:23:3F:26:3E:F1,-76,127,1.0,8.5,1.5
1758855782645,2025-09-26 12:03:02.645,AC:23:3F:26:3E:F1,-77,127,1.0,8.5,1.5
1758855782665,2025-09-26 12:03:02.665,AC:23:3F:26:3E:F1,-78,127,1.0,8.5,1.5
1758855782669,2025-09-26 12:03:02.669,68:9E:19:03:95:84,-87,127,1.0,8.5,1.5
1758855782727,2025-09-26 12:03:02.727,68:9E:19:03:95:F1,-77,127,1.0,8.5,1.5
1758855782777,2025-09-26 12:03:02.777,68:9E:19:03:95:84,-92,127,1.0,8.5,1.5
1758855782830,2025-09-26 12:03:02.830,68:9E:19:03:95:F1,-79,127,1.0,8.5,1.5
1758855782879,2025-09-26 12:03:02.879,68:9E:19:03:95:84,-90,127,1.0,8.5,1.5
1758855782913,2025-09-26 12:03:02.913,AC:23:3F:26:3E:F2,-64,127,1.0,8.5,1.5
1758855782938,2025-09-26 12:03:02.938,68:9E:19:03:95:F1,-75,127,1.0,8.5,1.5
1758855782986,2025-09-26 12:03:02.986,68:9E:19:03:95:84,-86,127,1.0,8.5,1.5
1758855783040,2025-09-26 12:03:03.040,68:9E:19:03:95:F1,-77,127,1.0,8.5,1.5
1758855783045,2025-09-26 12:03:03.045,AC:23:3F:26:3E:F2,-68,127,1.0,8.5,1.5
1758855783089,2025-09-26 12:03:03.089,68:9E:19:03:95:84,-94,127,1.0,8.5,1.5
1758855783150,2025-09-26 12:03:03.150,68:9E:19:03:95:F1,-78,127,1.0,8.5,1.5
1758855783259,2025-09-26 12:03:03.259,68:9E:19:03:95:F1,-77,127,1.0,8.5,1.5
1758855783301,2025-09-26 12:03:03.301,68:9E:19:03:95:84,-93,127,1.0,8.5,1.5
1758855783331,2025-09-26 12:03:03.331,AC:23:3F:26:3E:F1,-74,127,1.0,8.5,1.5
1758855783353,2025-09-26 12:03:03.353,AC:23:3F:26:3E:F1,-74,127,1.0,8.5,1.5
1758855783363,2025-09-26 12:03:03.363,68:9E:19:03:95:F1,-76,127,1.0,8.5,1.5
1758855783375,2025-09-26 12:03:03.375,AC:23:3F:26:3E:F1,-74,127,1.0,8.5,1.5
1758855783409,2025-09-26 12:03:03.409,68:9E:19:03:95:84,-91,127,1.0,8.5,1.5
1758855783472,2025-09-26 12:03:03.472,68:9E:19:03:95:F1,-78,127,1.0,8.5,1.5
1758855783505,2025-09-26 12:03:03.505,68:9E:19:03:95:84,-86,127,1.0,8.5,1.5
1758855783567,2025-09-26 12:03:03.567,AC:23:3F:26:3E:F2,-64,127,1.0,8.5,1.5
1758855783573,2025-09-26 12:03:03.573,68:9E:19:03:95:F1,-77,127,1.0,8.5,1.5
1758855783611,2025-09-26 12:03:03.611,AC:23:3F:26:3E:EF,-63,127,1.0,8.5,1.5
1758855783617,2025-09-26 12:03:03.617,68:9E:19:03:95:84,-92,127,1.0,8.5,1.5
1758855783633,2025-09-26 12:03:03.633,AC:23:3F:26:3E:F2,-69,127,1.0,8.5,1.5
1758855783682,2025-09-26 12:03:03.682,68:9E:19:03:95:F1,-77,127,1.0,8.5,1.5
1758855783723,2025-09-26 12:03:03.723,68:9E:19:03:95:84,-96,127,1.0,8.5,1.5
1758855783748,2025-09-26 12:03:03.748,AC:23:3F:26:3E:F2,-55,127,1.0,8.5,1.5
1758855783779,2025-09-26 12:03:03.779,68:9E:19:03:95:F1,-78,127,1.0,8.5,1.5
1758855783818,2025-09-26 12:03:03.818,68:9E:19:03:95:84,-86,127,1.0,8.5,1.5
1758855783881,2025-09-26 12:03:03.881,68:9E:19:03:95:F1,-76,127,1.0,8.5,1.5
1758855783995,2025-09-26 12:03:03.995,68:9E:19:03:95:F1,-77,127,1.0,8.5,1.5
1758855784022,2025-09-26 12:03:04.022,68:9E:19:03:95:84,-91,127,1.0,8.5,1.5
1758855784042,2025-09-26 12:03:04.042,AC:23:3F:26:3E:F1,-72,127,1.0,8.5,1.5
1758855784058,2025-09-26 12:03:04.058,AC:23:3F:26:3E:F1,-73,127,1.0,8.5,1.5
1758855784081,2025-09-26 12:03:04.081,AC:23:3F:26:3E:F1,-72,127,1.0,8.5,1.5
1758855784098,2025-09-26 12:03:04.098,68:9E:19:03:95:F1,-78,127,1.0,8.5,1.5
1758855784123,2025-09-26 12:03:04.123,68:9E:19:03:95:84,-86,127,1.0,8.5,1.5
1758855784197,2025-09-26 12:03:04.197,68:9E:19:03:95:F1,-77,127,1.0,8.5,1.5
1758855784222,2025-09-26 12:03:04.222,AC:23:3F:26:3E:EF,-63,127,1.0,8.5,1.5
1758855784275,2025-09-26 12:03:04.275,AC:23:3F:26:3E:F2,-68,127,1.0,8.5,1.5
1758855784305,2025-09-26 12:03:04.305,68:9E:19:03:95:F1,-78,127,1.0,8.5,1.5
1758855784333,2025-09-26 12:03:04.333,AC:23:3F:26:3E:F2,-55,127,1.0,8.5,1.5
1758855784337,2025-09-26 12:03:04.337,68:9E:19:03:95:84,-92,127,1.0,8.5,1.5
1758855784407,2025-09-26 12:03:04.407,68:9E:19:03:95:F1,-77,127,1.0,8.5,1.5
1758855784445,2025-09-26 12:03:04.445,AC:23:3F:26:3E:F2,-64,127,1.0,8.5,1.5
1758855784510,2025-09-26 12:03:04.510,68:9E:19:03:95:F1,-78,127,1.0,8.5,1.5
1758855784547,2025-09-26 12:03:04.547,68:9E:19:03:95:84,-93,127,1.0,8.5,1.5
1758855784618,2025-09-26 12:03:04.618,68:9E:19:03:95:F1,-78,127,1.0,8.5,1.5
1758855784657,2025-09-26 12:03:04.657,68:9E:19:03:95:84,-91,127,1.0,8.5,1.5
1758855784720,2025-09-26 12:03:04.720,68:9E:19:03:95:F1,-76,127,1.0,8.5,1.5
1758855784752,2025-09-26 12:03:04.752,68:9E:19:03:95:84,-85,127,1.0,8.5,1.5
1758855784759,2025-09-26 12:03:04.759,AC:23:3F:26:3E:F1,-77,127,1.0,8.5,1.5
1758855784785,2025-09-26 12:03:04.785,AC:23:3F:26:3E:F1,-78,127,1.0,8.5,1.5
1758855784812,2025-09-26 12:03:04.812,AC:23:3F:26:3E:F1,-74,127,1.0,8.5,1.5
1758855784822,2025-09-26 12:03:04.822,AC:23:3F:26:3E:EF,-63,127,1.0,8.5,1.5
1758855784835,2025-09-26 12:03:04.835,68:9E:19:03:95:F1,-77,127,1.0,8.5,1.5
1758855784934,2025-09-26 12:03:04.934,68:9E:19:03:95:F1,-79,127,1.0,8.5,1.5
1758855784961,2025-09-26 12:03:04.961,68:9E:19:03:95:84,-91,127,1.0,8.5,1.5
1758855785040,2025-09-26 12:03:05.040,68:9E:19:03:95:F1,-76,127,1.0,8.5,1.5
1758855785045,2025-09-26 12:03:05.045,AC:23:3F:26:3E:F2,-64,127,1.0,8.5,1.5
1758855785147,2025-09-26 12:03:05.147,68:9E:19:03:95:F1,-76,127,1.0,8.5,1.5
1758855785153,2025-09-26 12:03:05.153,AC:23:3F:26:3E:F2,-68,127,1.0,8.5,1.5
1758855785161,2025-09-26 12:03:05.161,68:9E:19:03:95:84,-95,127,1.0,8.5,1.5
1758855785247,2025-09-26 12:03:05.247,68:9E:19:03:95:F1,-79,127,1.0,8.5,1.5
1758855785268,2025-09-26 12:03:05.268,68:9E:19:03:95:84,-89,127,1.0,8.5,1.5
1758855785345,2025-09-26 12:03:05.345,68:9E:19:03:95:F1,-76,127,1.0,8.5,1.5
1758855785369,2025-09-26 12:03:05.369,68:9E:19:03:95:84,-87,127,1.0,8.5,1.5
1758855785434,2025-09-26 12:03:05.434,AC:23:3F:26:3E:EF,-63,127,1.0,8.5,1.5
1758855785465,2025-09-26 12:03:05.465,AC:23:3F:26:3E:F1,-74,127,1.0,8.5,1.5
1758855785484,2025-09-26 12:03:05.484,AC:23:3F:26:3E:F1,-74,127,1.0,8.5,1.5
1758855785549,2025-09-26 12:03:05.549,68:9E:19:03:95:F1,-79,127,1.0,8.5,1.5
1758855785637,2025-09-26 12:03:05.637,AC:23:3F:26:3E:F2,-78,127,1.0,8.5,1.5
1758855785659,2025-09-26 12:03:05.659,68:9E:19:03:95:F1,-75,127,1.0,8.5,1.5
1758855785689,2025-09-26 12:03:05.689,68:9E:19:03:95:84,-89,127,1.0,8.5,1.5
1758855785757,2025-09-26 12:03:05.757,68:9E:19:03:95:F1,-77,127,1.0,8.5,1.5
1758855785798,2025-09-26 12:03:05.798,68:9E:19:03:95:84,-94,127,1.0,8.5,1.5
1758855785906,2025-09-26 12:03:05.906,68:9E:19:03:95:84,-87,127,1.0,8.5,1.5
1758855785968,2025-09-26 12:03:05.968,68:9E:19:03:95:F1,-76,127,1.0,8.5,1.5
1758855786041,2025-09-26 12:03:06.041,AC:23:3F:26:3E:EF,-64,127,1.0,8.5,1.5
1758855786070,2025-09-26 12:03:06.070,68:9E:19:03:95:F1,-79,127,1.0,8.5,1.5
1758855786117,2025-09-26 12:03:06.117,68:9E:19:03:95:84,-92,127,1.0,8.5,1.5
1758855786182,2025-09-26 12:03:06.182,68:9E:19:03:95:F1,-77,127,1.0,8.5,1.5
1758855786187,2025-09-26 12:03:06.187,AC:23:3F:26:3E:F1,-74,127,1.0,8.5,1.5
1758855786197,2025-09-26 12:03:06.197,AC:23:3F:26:3E:F1,-78,127,1.0,8.5,1.5
1758855786222,2025-09-26 12:03:06.222,68:9E:19:03:95:84,-88,127,1.0,8.5,1.5
1758855786286,2025-09-26 12:03:06.286,68:9E:19:03:95:F1,-76,127,1.0,8.5,1.5
1758855786324,2025-09-26 12:03:06.324,68:9E:19:03:95:84,-91,127,1.0,8.5,1.5
1758855786389,2025-09-26 12:03:06.389,68:9E:19:03:95:F1,-76,127,1.0,8.5,1.5
1758855786402,2025-09-26 12:03:06.402,AC:23:3F:26:3E:F2,-54,127,1.0,8.5,1.5
1758855786429,2025-09-26 12:03:06.429,68:9E:19:03:95:84,-96,127,1.0,8.5,1.5
1758855786470,2025-09-26 12:03:06.470,AC:23:3F:26:3E:F2,-54,127,1.0,8.5,1.5
1758855786491,2025-09-26 12:03:06.491,68:9E:19:03:95:F1,-77,127,1.0,8.5,1.5
1758855786532,2025-09-26 12:03:06.532,68:9E:19:03:95:84,-87,127,1.0,8.5,1.5
1758855786560,2025-09-26 12:03:06.560,AC:23:3F:26:3E:F2,-65,127,1.0,8.5,1.5
1758855786587,2025-09-26 12:03:06.587,68:9E:19:03:95:F1,-76,127,1.0,8.5,1.5
1758855786646,2025-09-26 12:03:06.646,68:9E:19:03:95:84,-90,127,1.0,8.5,1.5
1758855786751,2025-09-26 12:03:06.751,68:9E:19:03:95:84,-92,127,1.0,8.5,1.5
1758855786805,2025-09-26 12:03:06.805,68:9E:19:03:95:F1,-77,127,1.0,8.5,1.5
1758855786847,2025-09-26 12:03:06.847,68:9E:19:03:95:84,-87,127,1.0,8.5,1.5
1758855786903,2025-09-26 12:03:06.903,AC:23:3F:26:3E:F1,-74,127,1.0,8.5,1.5
1758855786911,2025-09-26 12:03:06.911,68:9E:19:03:95:F1,-78,127,1.0,8.5,1.5
1758855786927,2025-09-26 12:03:06.927,AC:23:3F:26:3E:F1,-74,127,1.0,8.5,1.5
1758855786944,2025-09-26 12:03:06.944,AC:23:3F:26:3E:F1,-74,127,1.0,8.5,1.5
1758855786947,2025-09-26 12:03:06.947,68:9E:19:03:95:84,-91,127,1.0,8.5,1.5
1758855787017,2025-09-26 12:03:07.017,68:9E:19:03:95:F1,-77,127,1.0,8.5,1.5
1758855787057,2025-09-26 12:03:07.057,68:9E:19:03:95:84,-91,127,1.0,8.5,1.5
1758855787115,2025-09-26 12:03:07.115,AC:23:3F:26:3E:F2,-63,127,1.0,8.5,1.5
1758855787121,2025-09-26 12:03:07.121,68:9E:19:03:95:F1,-76,127,1.0,8.5,1.5
1758855787164,2025-09-26 12:03:07.164,68:9E:19:03:95:84,-90,127,1.0,8.5,1.5
1758855787173,2025-09-26 12:03:07.173,AC:23:3F:26:3E:F2,-63,127,1.0,8.5,1.5
1758855787226,2025-09-26 12:03:07.226,68:9E:19:03:95:F1,-80,127,1.0,8.5,1.5
1758855787249,2025-09-26 12:03:07.249,AC:23:3F:26:3E:F2,-69,127,1.0,8.5,1.5
1758855787253,2025-09-26 12:03:07.253,AC:23:3F:26:3E:EF,-64,127,1.0,8.5,1.5
1758855787262,2025-09-26 12:03:07.262,68:9E:19:03:95:84,-91,127,1.0,8.5,1.5
1758855787334,2025-09-26 12:03:07.334,68:9E:19:03:95:F1,-77,127,1.0,8.5,1.5
1758855787373,2025-09-26 12:03:07.373,68:9E:19:03:95:84,-91,127,1.0,8.5,1.5
1758855787435,2025-09-26 12:03:07.435,68:9E:19:03:95:F1,-76,127,1.0,8.5,1.5
1758855787543,2025-09-26 12:03:07.543,68:9E:19:03:95:F1,-77,127,1.0,8.5,1.5
1758855787574,2025-09-26 12:03:07.574,68:9E:19:03:95:84,-92,127,1.0,8.5,1.5
1758855787635,2025-09-26 12:03:07.635,AC:23:3F:26:3E:F1,-74,127,1.0,8.5,1.5
1758855787640,2025-09-26 12:03:07.640,68:9E:19:03:95:F1,-78,127,1.0,8.5,1.5
1758855787653,2025-09-26 12:03:07.653,AC:23:3F:26:3E:F1,-74,127,1.0,8.5,1.5
1758855787686,2025-09-26 12:03:07.686,68:9E:19:03:95:84,-90,127,1.0,8.5,1.5
1758855787744,2025-09-26 12:03:07.744,68:9E:19:03:95:F1,-76,127,1.0,8.5,1.5
1758855787796,2025-09-26 12:03:07.796,68:9E:19:03:95:84,-93,127,1.0,8.5,1.5
1758855787825,2025-09-26 12:03:07.825,AC:23:3F:26:3E:F2,-68,127,1.0,8.5,1.5
1758855787850,2025-09-26 12:03:07.850,68:9E:19:03:95:F1,-78,127,1.0,8.5,1.5
1758855787854,2025-09-26 12:03:07.854,AC:23:3F:26:3E:EF,-65,127,1.0,8.5,1.5
1758855787886,2025-09-26 12:03:07.886,AC:23:3F:26:3E:F2,-68,127,1.0,8.5,1.5
1758855787888,2025-09-26 12:03:07.888,AC:23:3F:26:3E:F1,-86,127,1.0,8.5,1.5
1758855787895,2025-09-26 12:03:07.895,68:9E:19:03:95:84,-91,127,1.0,8.5,1.5
1758855787954,2025-09-26 12:03:07.954,68:9E:19:03:95:F1,-77,127,1.0,8.5,1.5
1758855787995,2025-09-26 12:03:07.995,68:9E:19:03:95:84,-89,127,1.0,8.5,1.5
1758855788062,2025-09-26 12:03:08.062,68:9E:19:03:95:F1,-75,127,1.0,8.5,1.5
1758855788102,2025-09-26 12:03:08.102,68:9E:19:03:95:84,-91,127,1.0,8.5,1.5
1758855788214,2025-09-26 12:03:08.214,68:9E:19:03:95:84,-90,127,1.0,8.5,1.5
1758855788278,2025-09-26 12:03:08.278,68:9E:19:03:95:F1,-78,127,1.0,8.5,1.5
1758855788319,2025-09-26 12:03:08.319,AC:23:3F:26:3E:F1,-75,127,1.0,8.5,1.5
1758855788343,2025-09-26 12:03:08.343,AC:23:3F:26:3E:F1,-76,127,1.0,8.5,1.5
1758855788363,2025-09-26 12:03:08.363,AC:23:3F:26:3E:F1,-76,127,1.0,8.5,1.5
1758855788377,2025-09-26 12:03:08.377,68:9E:19:03:95:F1,-75,127,1.0,8.5,1.5
1758855788467,2025-09-26 12:03:08.467,AC:23:3F:26:3E:EF,-63,127,1.0,8.5,1.5
1758855788487,2025-09-26 12:03:08.487,68:9E:19:03:95:F1,-76,127,1.0,8.5,1.5
1758855788520,2025-09-26 12:03:08.520,68:9E:19:03:95:84,-90,127,1.0,8.5,1.5
1758855788532,2025-09-26 12:03:08.532,AC:23:3F:26:3E:F2,-55,127,1.0,8.5,1.5
1758855788595,2025-09-26 12:03:08.595,68:9E:19:03:95:F1,-79,127,1.0,8.5,1.5
1758855788620,2025-09-26 12:03:08.620,68:9E:19:03:95:84,-87,127,1.0,8.5,1.5
1758855788648,2025-09-26 12:03:08.648,AC:23:3F:26:3E:F2,-67,127,1.0,8.5,1.5
1758855788696,2025-09-26 12:03:08.696,68:9E:19:03:95:F1,-76,127,1.0,8.5,1.5
1758855788798,2025-09-26 12:03:08.798,68:9E:19:03:95:F1,-78,127,1.0,8.5,1.5
1758855788839,2025-09-26 12:03:08.839,68:9E:19:03:95:84,-98,127,1.0,8.5,1.5
1758855788903,2025-09-26 12:03:08.903,68:9E:19:03:95:F1,-74,127,1.0,8.5,1.5
1758855789004,2025-09-26 12:03:09.004,68:9E:19:03:95:F1,-78,127,1.0,8.5,1.5
1758855789035,2025-09-26 12:03:09.035,AC:23:3F:26:3E:F1,-74,127,1.0,8.5,1.5
1758855789043,2025-09-26 12:03:09.043,68:9E:19:03:95:84,-92,127,1.0,8.5,1.5
1758855789058,2025-09-26 12:03:09.058,AC:23:3F:26:3E:F1,-75,127,1.0,8.5,1.5
1758855789068,2025-09-26 12:03:09.068,AC:23:3F:26:3E:EF,-63,127,1.0,8.5,1.5
1758855789076,2025-09-26 12:03:09.076,AC:23:3F:26:3E:F1,-74,127,1.0,8.5,1.5
1758855789115,2025-09-26 12:03:09.115,68:9E:19:03:95:F1,-78,127,1.0,8.5,1.5
1758855789153,2025-09-26 12:03:09.153,68:9E:19:03:95:84,-89,127,1.0,8.5,1.5
1758855789214,2025-09-26 12:03:09.214,68:9E:19:03:95:F1,-75,127,1.0,8.5,1.5
1758855789239,2025-09-26 12:03:09.239,AC:23:3F:26:3E:F2,-66,127,1.0,8.5,1.5
1758855789303,2025-09-26 12:03:09.303,AC:23:3F:26:3E:F2,-76,127,1.0,8.5,1.5
1758855789331,2025-09-26 12:03:09.331,68:9E:19:03:95:F1,-76,127,1.0,8.5,1.5
1758855789354,2025-09-26 12:03:09.354,AC:23:3F:26:3E:F2,-76,127,1.0,8.5,1.5
1758855789426,2025-09-26 12:03:09.426,68:9E:19:03:95:F1,-78,127,1.0,8.5,1.5
1758855789471,2025-09-26 12:03:09.471,68:9E:19:03:95:84,-90,127,1.0,8.5,1.5
1758855789534,2025-09-26 12:03:09.534,68:9E:19:03:95:F1,-77,127,1.0,8.5,1.5
1758855789571,2025-09-26 12:03:09.571,68:9E:19:03:95:84,-87,127,1.0,8.5,1.5
1758855789637,2025-09-26 12:03:09.637,AC:23:3F:26:3E:F2,-81,127,1.0,8.5,1.5
1758855789642,2025-09-26 12:03:09.642,68:9E:19:03:95:F1,-78,127,1.0,8.5,1.5
1758855789670,2025-09-26 12:03:09.670,AC:23:3F:26:3E:EF,-64,127,1.0,8.5,1.5
1758855789771,2025-09-26 12:03:09.771,AC:23:3F:26:3E:F1,-73,127,1.0,8.5,1.5
1758855789782,2025-09-26 12:03:09.782,68:9E:19:03:95:84,-89,127,1.0,8.5,1.5
1758855789799,2025-09-26 12:03:09.799,AC:23:3F:26:3E:F1,-73,127,1.0,8.5,1.5
1758855789856,2025-09-26 12:03:09.856,68:9E:19:03:95:F1,-75,127,1.0,8.5,1.5
1758855789888,2025-09-26 12:03:09.888,68:9E:19:03:95:84,-86,127,1.0,8.5,1.5
1758855789950,2025-09-26 12:03:09.950,AC:23:3F:26:3E:F2,-72,127,1.0,8.5,1.5
1758855789971,2025-09-26 12:03:09.971,68:9E:19:03:95:F1,-75,127,1.0,8.5,1.5
1758855789999,2025-09-26 12:03:09.999,68:9E:19:03:95:84,-91,127,1.0,8.5,1.5
1758855790022,2025-09-26 12:03:10.022,AC:23:3F:26:3E:F2,-55,127,1.0,8.5,1.5
1758855790054,2025-09-26 12:03:10.054,AC:23:3F:26:3E:F2,-55,127,1.0,8.5,1.5
1758855790103,2025-09-26 12:03:10.103,68:9E:19:03:95:84,-88,127,1.0,8.5,1.5
1758855790168,2025-09-26 12:03:10.168,68:9E:19:03:95:F1,-74,127,1.0,8.5,1.5
1758855790203,2025-09-26 12:03:10.203,68:9E:19:03:95:84,-91,127,1.0,8.5,1.5
1758855790273,2025-09-26 12:03:10.273,AC:23:3F:26:3E:EF,-64,127,1.0,8.5,1.5
1758855790279,2025-09-26 12:03:10.279,68:9E:19:03:95:F1,-76,127,1.0,8.5,1.5
1758855790308,2025-09-26 12:03:10.308,68:9E:19:03:95:84,-89,127,1.0,8.5,1.5
1758855790379,2025-09-26 12:03:10.379,68:9E:19:03:95:F1,-77,127,1.0,8.5,1.5
1758855790407,2025-09-26 12:03:10.407,68:9E:19:03:95:84,-86,127,1.0,8.5,1.5
1758855790458,2025-09-26 12:03:10.458,AC:23:3F:26:3E:F1,-76,127,1.0,8.5,1.5
1758855790478,2025-09-26 12:03:10.478,AC:23:3F:26:3E:F1,-76,127,1.0,8.5,1.5
1758855790504,2025-09-26 12:03:10.504,AC:23:3F:26:3E:F1,-74,127,1.0,8.5,1.5
1758855790509,2025-09-26 12:03:10.509,68:9E:19:03:95:84,-90,127,1.0,8.5,1.5
1758855790593,2025-09-26 12:03:10.593,68:9E:19:03:95:F1,-76,127,1.0,8.5,1.5
1758855790657,2025-09-26 12:03:10.657,AC:23:3F:26:3E:F2,-54,127,1.0,8.5,1.5
1758855790693,2025-09-26 12:03:10.693,68:9E:19:03:95:F1,-76,127,1.0,8.5,1.5
1758855790729,2025-09-26 12:03:10.729,AC:23:3F:26:3E:F2,-65,127,1.0,8.5,1.5
1758855790760,2025-09-26 12:03:10.760,AC:23:3F:26:3E:F2,-64,127,1.0,8.5,1.5
1758855790798,2025-09-26 12:03:10.798,68:9E:19:03:95:F1,-75,127,1.0,8.5,1.5
1758855790879,2025-09-26 12:03:10.879,AC:23:3F:26:3E:EF,-63,127,1.0,8.5,1.5
1758855790910,2025-09-26 12:03:10.910,68:9E:19:03:95:F1,-76,127,1.0,8.5,1.5
1758855790934,2025-09-26 12:03:10.934,68:9E:19:03:95:84,-91,127,1.0,8.5,1.5
1758855791022,2025-09-26 12:03:11.022,68:9E:19:03:95:F1,-74,127,1.0,8.5,1.5
1758855791044,2025-09-26 12:03:11.044,68:9E:19:03:95:84,-87,127,1.0,8.5,1.5
1758855791123,2025-09-26 12:03:11.123,68:9E:19:03:95:F1,-76,127,1.0,8.5,1.5
1758855791176,2025-09-26 12:03:11.176,AC:23:3F:26:3E:F1,-74,127,1.0,8.5,1.5
1758855791204,2025-09-26 12:03:11.204,AC:23:3F:26:3E:F1,-74,127,1.0,8.5,1.5
1758855791226,2025-09-26 12:03:11.226,AC:23:3F:26:3E:F1,-74,127,1.0,8.5,1.5
1758855791231,2025-09-26 12:03:11.231,68:9E:19:03:95:F1,-77,127,1.0,8.5,1.5
1758855791332,2025-09-26 12:03:11.332,68:9E:19:03:95:F1,-74,127,1.0,8.5,1.5
1758855791357,2025-09-26 12:03:11.357,AC:23:3F:26:3E:F2,-65,127,1.0,8.5,1.5
1758855791435,2025-09-26 12:03:11.435,68:9E:19:03:95:F1,-76,127,1.0,8.5,1.5
1758855791440,2025-09-26 12:03:11.440,AC:23:3F:26:3E:F2,-66,127,1.0,8.5,1.5
1758855791448,2025-09-26 12:03:11.448,68:9E:19:03:95:84,-92,127,1.0,8.5,1.5
1758855791460,2025-09-26 12:03:11.460,AC:23:3F:26:3E:F2,-66,127,1.0,8.5,1.5
1758855791480,2025-09-26 12:03:11.480,AC:23:3F:26:3E:EF,-64,127,1.0,8.5,1.5
1758855791545,2025-09-26 12:03:11.545,68:9E:19:03:95:F1,-78,127,1.0,8.5,1.5
1758855791570,2025-09-26 12:03:11.570,68:9E:19:03:95:84,-89,127,1.0,8.5,1.5
1758855791650,2025-09-26 12:03:11.650,68:9E:19:03:95:F1,-74,127,1.0,8.5,1.5
1758855791758,2025-09-26 12:03:11.758,68:9E:19:03:95:F1,-76,127,1.0,8.5,1.5
1758855791862,2025-09-26 12:03:11.862,68:9E:19:03:95:F1,-78,127,1.0,8.5,1.5
1758855791867,2025-09-26 12:03:11.867,68:9E:19:03:95:84,-91,127,1.0,8.5,1.5
1758855791888,2025-09-26 12:03:11.888,AC:23:3F:26:3E:F1,-73,127,1.0,8.5,1.5
1758855791908,2025-09-26 12:03:11.908,AC:23:3F:26:3E:F1,-76,127,1.0,8.5,1.5
1758855791925,2025-09-26 12:03:11.925,AC:23:3F:26:3E:F1,-76,127,1.0,8.5,1.5
1758855791939,2025-09-26 12:03:11.939,AC:23:3F:26:3E:F1,-89,127,1.0,8.5,1.5
1758855791964,2025-09-26 12:03:11.964,68:9E:19:03:95:F1,-74,127,1.0,8.5,1.5
1758855791969,2025-09-26 12:03:11.969,68:9E:19:03:95:84,-88,127,1.0,8.5,1.5
1758855792071,2025-09-26 12:03:12.071,68:9E:19:03:95:F1,-76,127,1.0,8.5,1.5
1758855792076,2025-09-26 12:03:12.076,AC:23:3F:26:3E:F2,-65,127,1.0,8.5,1.5
1758855792092,2025-09-26 12:03:12.092,AC:23:3F:26:3E:EF,-63,127,1.0,8.5,1.5
1758855792148,2025-09-26 12:03:12.148,AC:23:3F:26:3E:F2,-55,127,1.0,8.5,1.5
1758855792169,2025-09-26 12:03:12.169,68:9E:19:03:95:F1,-78,127,1.0,8.5,1.5
1758855792174,2025-09-26 12:03:12.174,AC:23:3F:26:3E:F2,-55,127,1.0,8.5,1.5
1758855792376,2025-09-26 12:03:12.376,68:9E:19:03:95:F1,-77,127,1.0,8.5,1.5
1758855792486,2025-09-26 12:03:12.486,68:9E:19:03:95:F1,-77,127,1.0,8.5,1.5
1758855792496,2025-09-26 12:03:12.496,68:9E:19:03:95:84,-91,127,1.0,8.5,1.5
1758855792593,2025-09-26 12:03:12.593,68:9E:19:03:95:F1,-76,127,1.0,8.5,1.5
1758855792598,2025-09-26 12:03:12.598,AC:23:3F:26:3E:F1,-74,127,1.0,8.5,1.5
1758855792617,2025-09-26 12:03:12.617,AC:23:3F:26:3E:F1,-74,127,1.0,8.5,1.5
1758855792635,2025-09-26 12:03:12.635,AC:23:3F:26:3E:F1,-74,127,1.0,8.5,1.5
1758855792690,2025-09-26 12:03:12.690,AC:23:3F:26:3E:EF,-62,127,1.0,8.5,1.5
1758855792695,2025-09-26 12:03:12.695,68:9E:19:03:95:F1,-76,127,1.0,8.5,1.5
1758855792706,2025-09-26 12:03:12.706,68:9E:19:03:95:84,-90,127,1.0,8.5,1.5
1758855792782,2025-09-26 12:03:12.782,AC:23:3F:26:3E:F2,-55,127,1.0,8.5,1.5
1758855792801,2025-09-26 12:03:12.801,68:9E:19:03:95:F1,-75,127,1.0,8.5,1.5
1758855792814,2025-09-26 12:03:12.814,68:9E:19:03:95:84,-88,127,1.0,8.5,1.5
1758855792863,2025-09-26 12:03:12.863,AC:23:3F:26:3E:F2,-65,127,1.0,8.5,1.5
1758855792888,2025-09-26 12:03:12.888,AC:23:3F:26:3E:F2,-65,127,1.0,8.5,1.5
1758855792908,2025-09-26 12:03:12.908,68:9E:19:03:95:F1,-75,127,1.0,8.5,1.5
1758855793018,2025-09-26 12:03:13.018,68:9E:19:03:95:F1,-78,127,1.0,8.5,1.5
1758855793024,2025-09-26 12:03:13.024,68:9E:19:03:95:84,-93,127,1.0,8.5,1.5
1758855793123,2025-09-26 12:03:13.123,68:9E:19:03:95:F1,-75,127,1.0,8.5,1.5
1758855793127,2025-09-26 12:03:13.127,68:9E:19:03:95:84,-89,127,1.0,8.5,1.5
1758855793232,2025-09-26 12:03:13.232,68:9E:19:03:95:84,-97,127,1.0,8.5,1.5
1758855793237,2025-09-26 12:03:13.237,68:9E:19:03:95:F1,-75,127,1.0,8.5,1.5
1758855793300,2025-09-26 12:03:13.300,AC:23:3F:26:3E:EF,-58,127,1.0,8.5,1.5
1758855793312,2025-09-26 12:03:13.312,AC:23:3F:26:3E:F1,-74,127,1.0,8.5,1.5
1758855793333,2025-09-26 12:03:13.333,68:9E:19:03:95:84,-91,127,1.0,8.5,1.5
1758855793359,2025-09-26 12:03:13.359,AC:23:3F:26:3E:F1,-74,127,1.0,8.5,1.5
1758855793442,2025-09-26 12:03:13.442,68:9E:19:03:95:F1,-76,127,1.0,8.5,1.5
1758855793495,2025-09-26 12:03:13.495,AC:23:3F:26:3E:F2,-65,127,1.0,8.5,1.5
1758855793537,2025-09-26 12:03:13.537,68:9E:19:03:95:84,-96,127,1.0,8.5,1.5
1758855793541,2025-09-26 12:03:13.541,68:9E:19:03:95:F1,-75,127,1.0,8.5,1.5
1758855793559,2025-09-26 12:03:13.559,AC:23:3F:26:3E:F2,-66,127,1.0,8.5,1.5
1758855793577,2025-09-26 12:03:13.577,AC:23:3F:26:3E:F2,-66,127,1.0,8.5,1.5
1758855793634,2025-09-26 12:03:13.634,AC:23:3F:26:3E:F2,-67,127,1.0,8.5,1.5
1758855793640,2025-09-26 12:03:13.640,68:9E:19:03:95:84,-90,127,1.0,8.5,1.5
1758855793645,2025-09-26 12:03:13.645,68:9E:19:03:95:F1,-77,127,1.0,8.5,1.5
1758855793742,2025-09-26 12:03:13.742,68:9E:19:03:95:84,-87,127,1.0,8.5,1.5
1758855793746,2025-09-26 12:03:13.746,68:9E:19:03:95:F1,-74,127,1.0,8.5,1.5
1758855793847,2025-09-26 12:03:13.847,68:9E:19:03:95:F1,-75,127,1.0,8.5,1.5
1758855793852,2025-09-26 12:03:13.852,68:9E:19:03:95:84,-93,127,1.0,8.5,1.5
1758855793901,2025-09-26 12:03:13.901,AC:23:3F:26:3E:EF,-59,127,1.0,8.5,1.5
1758855793954,2025-09-26 12:03:13.954,68:9E:19:03:95:F1,-80,127,1.0,8.5,1.5
1758855793961,2025-09-26 12:03:13.961,68:9E:19:03:95:84,-93,127,1.0,8.5,1.5
1758855794029,2025-09-26 12:03:14.029,AC:23:3F:26:3E:F1,-76,127,1.0,8.5,1.5
1758855794049,2025-09-26 12:03:14.049,AC:23:3F:26:3E:F1,-76,127,1.0,8.5,1.5
1758855794056,2025-09-26 12:03:14.056,68:9E:19:03:95:F1,-75,127,1.0,8.5,1.5
1758855794073,2025-09-26 12:03:14.073,AC:23:3F:26:3E:F1,-76,127,1.0,8.5,1.5
1758855794165,2025-09-26 12:03:14.165,68:9E:19:03:95:F1,-77,127,1.0,8.5,1.5
1758855794197,2025-09-26 12:03:14.197,AC:23:3F:26:3E:F2,-55,127,1.0,8.5,1.5
1758855794262,2025-09-26 12:03:14.262,AC:23:3F:26:3E:F2,-55,127,1.0,8.5,1.5
1758855794267,2025-09-26 12:03:14.267,68:9E:19:03:95:F1,-77,127,1.0,8.5,1.5
1758855794274,2025-09-26 12:03:14.274,68:9E:19:03:95:84,-90,127,1.0,8.5,1.5
1758855794279,2025-09-26 12:03:14.279,AC:23:3F:26:3E:F2,-55,127,1.0,8.5,1.5
1758855794474,2025-09-26 12:03:14.474,68:9E:19:03:95:F1,-75,127,1.0,8.5,1.5
1758855794501,2025-09-26 12:03:14.501,AC:23:3F:26:3E:EF,-58,127,1.0,8.5,1.5
1758855794690,2025-09-26 12:03:14.690,68:9E:19:03:95:F1,-78,127,1.0,8.5,1.5
1758855794733,2025-09-26 12:03:14.733,AC:23:3F:26:3E:F1,-74,127,1.0,8.5,1.5
1758855794758,2025-09-26 12:03:14.758,AC:23:3F:26:3E:F1,-74,127,1.0,8.5,1.5
1758855794785,2025-09-26 12:03:14.785,68:9E:19:03:95:F1,-77,127,1.0,8.5,1.5
1758855794894,2025-09-26 12:03:14.894,68:9E:19:03:95:F1,-78,127,1.0,8.5,1.5
1758855794901,2025-09-26 12:03:14.901,68:9E:19:03:95:84,-92,127,1.0,8.5,1.5
1758855794915,2025-09-26 12:03:14.915,AC:23:3F:26:3E:F2,-63,127,1.0,8.5,1.5
1758855794966,2025-09-26 12:03:14.966,AC:23:3F:26:3E:F2,-63,127,1.0,8.5,1.5
1758855794994,2025-09-26 12:03:14.994,AC:23:3F:26:3E:F2,-63,127,1.0,8.5,1.5
1758855794999,2025-09-26 12:03:14.999,68:9E:19:03:95:F1,-77,127,1.0,8.5,1.5
1758855795101,2025-09-26 12:03:15.101,68:9E:19:03:95:F1,-78,127,1.0,8.5,1.5
1758855795106,2025-09-26 12:03:15.106,AC:23:3F:26:3E:EF,-59,127,1.0,8.5,1.5
1758855795113,2025-09-26 12:03:15.113,68:9E:19:03:95:84,-91,127,1.0,8.5,1.5
1758855795207,2025-09-26 12:03:15.207,68:9E:19:03:95:F1,-74,127,1.0,8.5,1.5
1758855795231,2025-09-26 12:03:15.231,68:9E:19:03:95:84,-89,127,1.0,8.5,1.5
1758855795313,2025-09-26 12:03:15.313,68:9E:19:03:95:F1,-78,127,1.0,8.5,1.5
1758855795424,2025-09-26 12:03:15.424,68:9E:19:03:95:F1,-78,127,1.0,8.5,1.5
1758855795446,2025-09-26 12:03:15.446,68:9E:19:03:95:84,-90,127,1.0,8.5,1.5
1758855795450,2025-09-26 12:03:15.450,AC:23:3F:26:3E:F1,-74,127,1.0,8.5,1.5
1758855795493,2025-09-26 12:03:15.493,AC:23:3F:26:3E:F1,-74,127,1.0,8.5,1.5
1758855795620,2025-09-26 12:03:15.620,AC:23:3F:26:3E:F2,-66,127,1.0,8.5,1.5
1758855795625,2025-09-26 12:03:15.625,68:9E:19:03:95:F1,-77,127,1.0,8.5,1.5
1758855795694,2025-09-26 12:03:15.694,AC:23:3F:26:3E:F2,-66,127,1.0,8.5,1.5
1758855795715,2025-09-26 12:03:15.715,AC:23:3F:26:3E:EF,-58,127,1.0,8.5,1.5
1758855795739,2025-09-26 12:03:15.739,68:9E:19:03:95:F1,-77,127,1.0,8.5,1.5
1758855795754,2025-09-26 12:03:15.754,68:9E:19:03:95:84,-91,127,1.0,8.5,1.5
1758855795840,2025-09-26 12:03:15.840,68:9E:19:03:95:F1,-75,127,1.0,8.5,1.5
1758855795862,2025-09-26 12:03:15.862,68:9E:19:03:95:84,-89,127,1.0,8.5,1.5
1758855795917,2025-09-26 12:03:15.917,AC:23:3F:26:3E:F1,-86,127,1.0,8.5,1.5
1758855795941,2025-09-26 12:03:15.941,68:9E:19:03:95:F1,-76,127,1.0,8.5,1.5
1758855795963,2025-09-26 12:03:15.963,68:9E:19:03:95:84,-94,127,1.0,8.5,1.5
1758855796070,2025-09-26 12:03:16.070,68:9E:19:03:95:84,-90,127,1.0,8.5,1.5
1758855796142,2025-09-26 12:03:16.142,68:9E:19:03:95:F1,-76,127,1.0,8.5,1.5
1758855796165,2025-09-26 12:03:16.165,AC:23:3F:26:3E:F1,-76,127,1.0,8.5,1.5
1758855796169,2025-09-26 12:03:16.169,68:9E:19:03:95:84,-88,127,1.0,8.5,1.5
1758855796191,2025-09-26 12:03:16.191,AC:23:3F:26:3E:F1,-76,127,1.0,8.5,1.5
1758855796213,2025-09-26 12:03:16.213,AC:23:3F:26:3E:F1,-74,127,1.0,8.5,1.5
1758855796241,2025-09-26 12:03:16.241,68:9E:19:03:95:F1,-75,127,1.0,8.5,1.5
1758855796270,2025-09-26 12:03:16.270,68:9E:19:03:95:84,-94,127,1.0,8.5,1.5
1758855796320,2025-09-26 12:03:16.320,AC:23:3F:26:3E:EF,-59,127,1.0,8.5,1.5
1758855796325,2025-09-26 12:03:16.325,AC:23:3F:26:3E:F2,-54,127,1.0,8.5,1.5
1758855796346,2025-09-26 12:03:16.346,68:9E:19:03:95:F1,-77,127,1.0,8.5,1.5
1758855796368,2025-09-26 12:03:16.368,AC:23:3F:26:3E:F2,-55,127,1.0,8.5,1.5
1758855796372,2025-09-26 12:03:16.372,68:9E:19:03:95:84,-90,127,1.0,8.5,1.5
1758855796409,2025-09-26 12:03:16.409,AC:23:3F:26:3E:F2,-63,127,1.0,8.5,1.5
1758855796447,2025-09-26 12:03:16.447,68:9E:19:03:95:F1,-76,127,1.0,8.5,1.5
1758855796473,2025-09-26 12:03:16.473,68:9E:19:03:95:84,-88,127,1.0,8.5,1.5
1758855796558,2025-09-26 12:03:16.558,68:9E:19:03:95:F1,-78,127,1.0,8.5,1.5
1758855796668,2025-09-26 12:03:16.668,68:9E:19:03:95:F1,-77,127,1.0,8.5,1.5
1758855796681,2025-09-26 12:03:16.681,68:9E:19:03:95:84,-91,127,1.0,8.5,1.5
1758855796773,2025-09-26 12:03:16.773,68:9E:19:03:95:F1,-75,127,1.0,8.5,1.5
1758855796781,2025-09-26 12:03:16.781,68:9E:19:03:95:84,-88,127,1.0,8.5,1.5
1758855796881,2025-09-26 12:03:16.881,68:9E:19:03:95:F1,-76,127,1.0,8.5,1.5
1758855796885,2025-09-26 12:03:16.885,AC:23:3F:26:3E:F1,-74,127,1.0,8.5,1.5
1758855796901,2025-09-26 12:03:16.901,AC:23:3F:26:3E:F1,-73,127,1.0,8.5,1.5
1758855796918,2025-09-26 12:03:16.918,AC:23:3F:26:3E:EF,-59,127,1.0,8.5,1.5
1758855796984,2025-09-26 12:03:16.984,68:9E:19:03:95:F1,-77,127,1.0,8.5,1.5
1758855797036,2025-09-26 12:03:17.036,AC:23:3F:26:3E:F2,-63,127,1.0,8.5,1.5
1758855797065,2025-09-26 12:03:17.065,AC:23:3F:26:3E:F2,-63,127,1.0,8.5,1.5
1758855797090,2025-09-26 12:03:17.090,68:9E:19:03:95:F1,-76,127,1.0,8.5,1.5
1758855797097,2025-09-26 12:03:17.097,68:9E:19:03:95:84,-95,127,1.0,8.5,1.5
1758855797120,2025-09-26 12:03:17.120,AC:23:3F:26:3E:F2,-67,127,1.0,8.5,1.5
1758855797202,2025-09-26 12:03:17.202,68:9E:19:03:95:F1,-77,127,1.0,8.5,1.5
1758855797207,2025-09-26 12:03:17.207,68:9E:19:03:95:84,-91,127,1.0,8.5,1.5
1758855797312,2025-09-26 12:03:17.312,68:9E:19:03:95:F1,-75,127,1.0,8.5,1.5
1758855797318,2025-09-26 12:03:17.318,68:9E:19:03:95:84,-87,127,1.0,8.5,1.5
1758855797414,2025-09-26 12:03:17.414,68:9E:19:03:95:F1,-77,127,1.0,8.5,1.5
1758855797528,2025-09-26 12:03:17.528,68:9E:19:03:95:84,-90,127,1.0,8.5,1.5
1758855797620,2025-09-26 12:03:17.620,AC:23:3F:26:3E:F1,-77,127,1.0,8.5,1.5
1758855797625,2025-09-26 12:03:17.625,68:9E:19:03:95:84,-90,127,1.0,8.5,1.5
1758855797632,2025-09-26 12:03:17.632,AC:23:3F:26:3E:F1,-76,127,1.0,8.5,1.5
1758855797637,2025-09-26 12:03:17.637,AC:23:3F:26:3E:F2,-76,127,1.0,8.5,1.5
1758855797726,2025-09-26 12:03:17.726,68:9E:19:03:95:F1,-76,127,1.0,8.5,1.5
1758855797732,2025-09-26 12:03:17.732,68:9E:19:03:95:84,-93,127,1.0,8.5,1.5
1758855797743,2025-09-26 12:03:17.743,AC:23:3F:26:3E:F2,-65,127,1.0,8.5,1.5
1758855797765,2025-09-26 12:03:17.765,AC:23:3F:26:3E:F2,-65,127,1.0,8.5,1.5
1758855797831,2025-09-26 12:03:17.831,68:9E:19:03:95:F1,-77,127,1.0,8.5,1.5
1758855797837,2025-09-26 12:03:17.837,68:9E:19:03:95:84,-91,127,1.0,8.5,1.5
1758855797937,2025-09-26 12:03:17.937,68:9E:19:03:95:F1,-75,127,1.0,8.5,1.5
1758855798041,2025-09-26 12:03:18.041,68:9E:19:03:95:F1,-76,127,1.0,8.5,1.5
1758855798128,2025-09-26 12:03:18.128,AC:23:3F:26:3E:EF,-58,127,1.0,8.5,1.5
1758855798303,2025-09-26 12:03:18.303,AC:23:3F:26:3E:F1,-74,127,1.0,8.5,1.5
1758855798333,2025-09-26 12:03:18.333,AC:23:3F:26:3E:F1,-74,127,1.0,8.5,1.5
1758855798453,2025-09-26 12:03:18.453,AC:23:3F:26:3E:F2,-54,127,1.0,8.5,1.5
1758855798459,2025-09-26 12:03:18.459,68:9E:19:03:95:F1,-77,127,1.0,8.5,1.5
1758855798465,2025-09-26 12:03:18.465,68:9E:19:03:95:84,-90,127,1.0,8.5,1.5
1758855798469,2025-09-26 12:03:18.469,AC:23:3F:26:3E:F2,-55,127,1.0,8.5,1.5
1758855798537,2025-09-26 12:03:18.537,AC:23:3F:26:3E:F2,-65,127,1.0,8.5,1.5
1758855798562,2025-09-26 12:03:18.562,68:9E:19:03:95:F1,-74,127,1.0,8.5,1.5
1758855798670,2025-09-26 12:03:18.670,68:9E:19:03:95:F1,-75,127,1.0,8.5,1.5
1758855798676,2025-09-26 12:03:18.676,68:9E:19:03:95:84,-95,127,1.0,8.5,1.5
1758855798734,2025-09-26 12:03:18.734,AC:23:3F:26:3E:EF,-58,127,1.0,8.5,1.5
1758855798770,2025-09-26 12:03:18.770,68:9E:19:03:95:F1,-78,127,1.0,8.5,1.5
1758855798780,2025-09-26 12:03:18.780,68:9E:19:03:95:84,-89,127,1.0,8.5,1.5
1758855798872,2025-09-26 12:03:18.872,68:9E:19:03:95:F1,-75,127,1.0,8.5,1.5
1758855798881,2025-09-26 12:03:18.881,68:9E:19:03:95:84,-91,127,1.0,8.5,1.5
1758855798975,2025-09-26 12:03:18.975,68:9E:19:03:95:F1,-77,127,1.0,8.5,1.5
1758855799013,2025-09-26 12:03:19.013,AC:23:3F:26:3E:F1,-74,127,1.0,8.5,1.5
1758855799033,2025-09-26 12:03:19.033,AC:23:3F:26:3E:F1,-74,127,1.0,8.5,1.5
1758855799052,2025-09-26 12:03:19.052,AC:23:3F:26:3E:F1,-74,127,1.0,8.5,1.5
1758855799080,2025-09-26 12:03:19.080,68:9E:19:03:95:F1,-80,127,1.0,8.5,1.5
1758855799099,2025-09-26 12:03:19.099,68:9E:19:03:95:84,-89,127,1.0,8.5,1.5
1758855799161,2025-09-26 12:03:19.161,AC:23:3F:26:3E:F2,-63,127,1.0,8.5,1.5
1758855799188,2025-09-26 12:03:19.188,AC:23:3F:26:3E:F2,-64,127,1.0,8.5,1.5
1758855799193,2025-09-26 12:03:19.193,68:9E:19:03:95:F1,-75,127,1.0,8.5,1.5
1758855799249,2025-09-26 12:03:19.249,AC:23:3F:26:3E:F2,-67,127,1.0,8.5,1.5
1758855799294,2025-09-26 12:03:19.294,68:9E:19:03:95:F1,-77,127,1.0,8.5,1.5
1758855799306,2025-09-26 12:03:19.306,68:9E:19:03:95:84,-89,127,1.0,8.5,1.5
1758855799338,2025-09-26 12:03:19.338,AC:23:3F:26:3E:EF,-58,127,1.0,8.5,1.5
1758855799403,2025-09-26 12:03:19.403,68:9E:19:03:95:F1,-75,127,1.0,8.5,1.5
1758855799510,2025-09-26 12:03:19.510,68:9E:19:03:95:F1,-75,127,1.0,8.5,1.5
1758855799617,2025-09-26 12:03:19.617,68:9E:19:03:95:F1,-78,127,1.0,8.5,1.5
1758855799626,2025-09-26 12:03:19.626,68:9E:19:03:95:84,-89,127,1.0,8.5,1.5
1758855799723,2025-09-26 12:03:19.723,68:9E:19:03:95:F1,-75,127,1.0,8.5,1.5
1758855799729,2025-09-26 12:03:19.729,AC:23:3F:26:3E:F1,-76,127,1.0,8.5,1.5
1758855799734,2025-09-26 12:03:19.734,68:9E:19:03:95:84,-89,127,1.0,8.5,1.5
1758855799747,2025-09-26 12:03:19.747,AC:23:3F:26:3E:F1,-76,127,1.0,8.5,1.5
1758855799765,2025-09-26 12:03:19.765,AC:23:3F:26:3E:F1,-76,127,1.0,8.5,1.5
1758855799826,2025-09-26 12:03:19.826,68:9E:19:03:95:F1,-77,127,1.0,8.5,1.5
1758855799869,2025-09-26 12:03:19.869,AC:23:3F:26:3E:F2,-66,127,1.0,8.5,1.5
1758855799893,2025-09-26 12:03:19.893,AC:23:3F:26:3E:F2,-66,127,1.0,8.5,1.5
1758855799922,2025-09-26 12:03:19.922,68:9E:19:03:95:F1,-78,127,1.0,8.5,1.5
1758855799955,2025-09-26 12:03:19.955,AC:23:3F:26:3E:F2,-55,127,1.0,8.5,1.5
1758855800033,2025-09-26 12:03:20.033,68:9E:19:03:95:F1,-76,127,1.0,8.5,1.5
1758855800043,2025-09-26 12:03:20.043,68:9E:19:03:95:84,-89,127,1.0,8.5,1.5
1758855800144,2025-09-26 12:03:20.144,68:9E:19:03:95:F1,-76,127,1.0,8.5,1.5
1758855800253,2025-09-26 12:03:20.253,68:9E:19:03:95:F1,-77,127,1.0,8.5,1.5
1758855800260,2025-09-26 12:03:20.260,68:9E:19:03:95:84,-88,127,1.0,8.5,1.5
1758855800351,2025-09-26 12:03:20.351,68:9E:19:03:95:F1,-75,127,1.0,8.5,1.5
1758855800357,2025-09-26 12:03:20.357,68:9E:19:03:95:84,-89,127,1.0,8.5,1.5
1758855800442,2025-09-26 12:03:20.442,AC:23:3F:26:3E:F1,-74,127,1.0,8.5,1.5
1758855800455,2025-09-26 12:03:20.455,AC:23:3F:26:3E:F1,-74,127,1.0,8.5,1.5
1758855800469,2025-09-26 12:03:20.469,68:9E:19:03:95:F1,-75,127,1.0,8.5,1.5
1758855800483,2025-09-26 12:03:20.483,AC:23:3F:26:3E:F1,-74,127,1.0,8.5,1.5
1758855800551,2025-09-26 12:03:20.551,AC:23:3F:26:3E:EF,-58,127,1.0,8.5,1.5
1758855800576,2025-09-26 12:03:20.576,68:9E:19:03:95:F1,-78,127,1.0,8.5,1.5
1758855800581,2025-09-26 12:03:20.581,68:9E:19:03:95:84,-89,127,1.0,8.5,1.5
1758855800584,2025-09-26 12:03:20.584,AC:23:3F:26:3E:F2,-55,127,1.0,8.5,1.5
1758855800596,2025-09-26 12:03:20.596,AC:23:3F:26:3E:F2,-55,127,1.0,8.5,1.5
1758855800662,2025-09-26 12:03:20.662,AC:23:3F:26:3E:F2,-65,127,1.0,8.5,1.5
1758855800684,2025-09-26 12:03:20.684,68:9E:19:03:95:84,-90,127,1.0,8.5,1.5
1758855800884,2025-09-26 12:03:20.884,68:9E:19:03:95:F1,-77,127,1.0,8.5,1.5
1758855800889,2025-09-26 12:03:20.889,68:9E:19:03:95:84,-91,127,1.0,8.5,1.5
1758855800986,2025-09-26 12:03:20.986,68:9E:19:03:95:F1,-76,127,1.0,8.5,1.5
1758855800991,2025-09-26 12:03:20.991,68:9E:19:03:95:84,-91,127,1.0,8.5,1.5
1758855801098,2025-09-26 12:03:21.098,68:9E:19:03:95:F1,-76,127,1.0,8.5,1.5
1758855801157,2025-09-26 12:03:21.157,AC:23:3F:26:3E:EF,-58,127,1.0,8.5,1.5
1758855801168,2025-09-26 12:03:21.168,AC:23:3F:26:3E:F1,-74,127,1.0,8.5,1.5
1758855801187,2025-09-26 12:03:21.187,AC:23:3F:26:3E:F1,-74,127,1.0,8.5,1.5
1758855801207,2025-09-26 12:03:21.207,68:9E:19:03:95:84,-88,127,1.0,8.5,1.5
1758855801272,2025-09-26 12:03:21.272,AC:23:3F:26:3E:F2,-66,127,1.0,8.5,1.5
1758855801292,2025-09-26 12:03:21.292,AC:23:3F:26:3E:F2,-63,127,1.0,8.5,1.5
1758855801305,2025-09-26 12:03:21.305,68:9E:19:03:95:F1,-76,127,1.0,8.5,1.5
1758855801308,2025-09-26 12:03:21.308,68:9E:19:03:95:84,-92,127,1.0,8.5,1.5
1758855801381,2025-09-26 12:03:21.381,AC:23:3F:26:3E:F2,-76,127,1.0,8.5,1.5
1758855801409,2025-09-26 12:03:21.409,68:9E:19:03:95:F1,-79,127,1.0,8.5,1.5
1758855801417,2025-09-26 12:03:21.417,68:9E:19:03:95:84,-93,127,1.0,8.5,1.5
1758855801508,2025-09-26 12:03:21.508,68:9E:19:03:95:F1,-75,127,1.0,8.5,1.5
1758855801535,2025-09-26 12:03:21.535,68:9E:19:03:95:84,-90,127,1.0,8.5,1.5
1758855801609,2025-09-26 12:03:21.609,68:9E:19:03:95:F1,-76,127,1.0,8.5,1.5
1758855801633,2025-09-26 12:03:21.633,68:9E:19:03:95:84,-92,127,1.0,8.5,1.5
1758855801639,2025-09-26 12:03:21.639,AC:23:3F:26:3E:F2,-88,127,1.0,8.5,1.5
1758855801714,2025-09-26 12:03:21.714,68:9E:19:03:95:F1,-78,127,1.0,8.5,1.5
1758855801737,2025-09-26 12:03:21.737,68:9E:19:03:95:84,-92,127,1.0,8.5,1.5
1758855801756,2025-09-26 12:03:21.756,AC:23:3F:26:3E:EF,-58,127,1.0,8.5,1.5
1758855801819,2025-09-26 12:03:21.819,68:9E:19:03:95:F1,-77,127,1.0,8.5,1.5
1758855801865,2025-09-26 12:03:21.865,AC:23:3F:26:3E:F1,-76,127,1.0,8.5,1.5
1758855801879,2025-09-26 12:03:21.879,AC:23:3F:26:3E:F1,-76,127,1.0,8.5,1.5
1758855801903,2025-09-26 12:03:21.903,AC:23:3F:26:3E:F1,-74,127,1.0,8.5,1.5
1758855801919,2025-09-26 12:03:21.919,68:9E:19:03:95:F1,-76,127,1.0,8.5,1.5
1758855801948,2025-09-26 12:03:21.948,68:9E:19:03:95:84,-93,127,1.0,8.5,1.5
1758855801972,2025-09-26 12:03:21.972,AC:23:3F:26:3E:F2,-66,127,1.0,8.5,1.5
1758855801998,2025-09-26 12:03:21.998,AC:23:3F:26:3E:F2,-54,127,1.0,8.5,1.5
1758855802025,2025-09-26 12:03:22.025,68:9E:19:03:95:F1,-77,127,1.0,8.5,1.5
1758855802089,2025-09-26 12:03:22.089,AC:23:3F:26:3E:F2,-55,127,1.0,8.5,1.5
1758855802122,2025-09-26 12:03:22.122,68:9E:19:03:95:F1,-75,127,1.0,8.5,1.5
1758855802156,2025-09-26 12:03:22.156,68:9E:19:03:95:84,-88,127,1.0,8.5,1.5
1758855802232,2025-09-26 12:03:22.232,68:9E:19:03:95:F1,-75,127,1.0,8.5,1.5
1758855802258,2025-09-26 12:03:22.258,68:9E:19:03:95:84,-94,127,1.0,8.5,1.5
1758855802335,2025-09-26 12:03:22.335,68:9E:19:03:95:F1,-76,127,1.0,8.5,1.5
1758855802358,2025-09-26 12:03:22.358,AC:23:3F:26:3E:EF,-58,127,1.0,8.5,1.5
1758855802363,2025-09-26 12:03:22.363,68:9E:19:03:95:84,-93,127,1.0,8.5,1.5
1758855802437,2025-09-26 12:03:22.437,68:9E:19:03:95:F1,-75,127,1.0,8.5,1.5
1758855802541,2025-09-26 12:03:22.541,68:9E:19:03:95:F1,-76,127,1.0,8.5,1.5
1758855802585,2025-09-26 12:03:22.585,AC:23:3F:26:3E:F1,-74,127,1.0,8.5,1.5
1758855802606,2025-09-26 12:03:22.606,AC:23:3F:26:3E:F1,-73,127,1.0,8.5,1.5
1758855802630,2025-09-26 12:03:22.630,AC:23:3F:26:3E:F1,-73,127,1.0,8.5,1.5
1758855802639,2025-09-26 12:03:22.639,68:9E:19:03:95:F1,-76,127,1.0,8.5,1.5
1758855802677,2025-09-26 12:03:22.677,AC:23:3F:26:3E:F2,-54,127,1.0,8.5,1.5
1758855802703,2025-09-26 12:03:22.703,AC:23:3F:26:3E:F2,-63,127,1.0,8.5,1.5
1758855802738,2025-09-26 12:03:22.738,68:9E:19:03:95:F1,-75,127,1.0,8.5,1.5
1758855802785,2025-09-26 12:03:22.785,68:9E:19:03:95:84,-92,127,1.0,8.5,1.5
1758855802792,2025-09-26 12:03:22.792,AC:23:3F:26:3E:F2,-64,127,1.0,8.5,1.5
1758855802847,2025-09-26 12:03:22.847,68:9E:19:03:95:F1,-77,127,1.0,8.5,1.5
1758855802954,2025-09-26 12:03:22.954,68:9E:19:03:95:F1,-76,127,1.0,8.5,1.5
1758855802964,2025-09-26 12:03:22.964,AC:23:3F:26:3E:EF,-58,127,1.0,8.5,1.5
1758855802988,2025-09-26 12:03:22.988,68:9E:19:03:95:84,-92,127,1.0,8.5,1.5
1758855803060,2025-09-26 12:03:23.060,68:9E:19:03:95:F1,-76,127,1.0,8.5,1.5
1758855803168,2025-09-26 12:03:23.168,68:9E:19:03:95:F1,-78,127,1.0,8.5,1.5
1758855803198,2025-09-26 12:03:23.198,68:9E:19:03:95:84,-91,127,1.0,8.5,1.5
1758855803275,2025-09-26 12:03:23.275,68:9E:19:03:95:F1,-77,127,1.0,8.5,1.5
1758855803306,2025-09-26 12:03:23.306,68:9E:19:03:95:84,-90,127,1.0,8.5,1.5
1758855803312,2025-09-26 12:03:23.312,AC:23:3F:26:3E:F1,-75,127,1.0,8.5,1.5
1758855803374,2025-09-26 12:03:23.374,AC:23:3F:26:3E:F2,-64,127,1.0,8.5,1.5
1758855803380,2025-09-26 12:03:23.380,68:9E:19:03:95:F1,-76,127,1.0,8.5,1.5
1758855803423,2025-09-26 12:03:23.423,AC:23:3F:26:3E:F2,-76,127,1.0,8.5,1.5
1758855803509,2025-09-26 12:03:23.509,AC:23:3F:26:3E:F2,-54,127,1.0,8.5,1.5
1758855803574,2025-09-26 12:03:23.574,AC:23:3F:26:3E:EF,-58,127,1.0,8.5,1.5
1758855803596,2025-09-26 12:03:23.596,68:9E:19:03:95:F1,-77,127,1.0,8.5,1.5
1758855803632,2025-09-26 12:03:23.632,68:9E:19:03:95:84,-88,127,1.0,8.5,1.5
1758855803695,2025-09-26 12:03:23.695,68:9E:19:03:95:F1,-76,127,1.0,8.5,1.5
1758855803795,2025-09-26 12:03:23.795,68:9E:19:03:95:F1,-78,127,1.0,8.5,1.5
1758855803838,2025-09-26 12:03:23.838,68:9E:19:03:95:84,-92,127,1.0,8.5,1.5
1758855804000,2025-09-26 12:03:24.000,68:9E:19:03:95:F1,-78,127,1.0,8.5,1.5
1758855804009,2025-09-26 12:03:24.009,AC:23:3F:26:3E:F1,-75,127,1.0,8.5,1.5
1758855804036,2025-09-26 12:03:24.036,AC:23:3F:26:3E:F1,-74,127,1.0,8.5,1.5
1758855804052,2025-09-26 12:03:24.052,68:9E:19:03:95:84,-94,127,1.0,8.5,1.5
1758855804057,2025-09-26 12:03:24.057,AC:23:3F:26:3E:F1,-74,127,1.0,8.5,1.5
1758855804078,2025-09-26 12:03:24.078,AC:23:3F:26:3E:F2,-77,127,1.0,8.5,1.5
1758855804101,2025-09-26 12:03:24.101,68:9E:19:03:95:F1,-77,127,1.0,8.5,1.5
1758855804126,2025-09-26 12:03:24.126,AC:23:3F:26:3E:F2,-54,127,1.0,8.5,1.5
1758855804154,2025-09-26 12:03:24.154,68:9E:19:03:95:84,-92,127,1.0,8.5,1.5
1758855804182,2025-09-26 12:03:24.182,AC:23:3F:26:3E:EF,-58,127,1.0,8.5,1.5
1758855804204,2025-09-26 12:03:24.204,68:9E:19:03:95:F1,-75,127,1.0,8.5,1.5
1758855804216,2025-09-26 12:03:24.216,AC:23:3F:26:3E:F2,-62,127,1.0,8.5,1.5
1758855804268,2025-09-26 12:03:24.268,68:9E:19:03:95:84,-90,127,1.0,8.5,1.5
1758855804306,2025-09-26 12:03:24.306,68:9E:19:03:95:F1,-78,127,1.0,8.5,1.5
1758855804509,2025-09-26 12:03:24.509,68:9E:19:03:95:F1,-76,127,1.0,8.5,1.5
1758855804714,2025-09-26 12:03:24.714,68:9E:19:03:95:F1,-78,127,1.0,8.5,1.5
1758855804723,2025-09-26 12:03:24.723,AC:23:3F:26:3E:F1,-72,127,1.0,8.5,1.5
1758855804744,2025-09-26 12:03:24.744,AC:23:3F:26:3E:F1,-72,127,1.0,8.5,1.5
1758855804760,2025-09-26 12:03:24.760,AC:23:3F:26:3E:F1,-73,127,1.0,8.5,1.5
1758855804778,2025-09-26 12:03:24.778,AC:23:3F:26:3E:F2,-54,127,1.0,8.5,1.5
1758855804782,2025-09-26 12:03:24.782,AC:23:3F:26:3E:EF,-58,127,1.0,8.5,1.5
1758855804787,2025-09-26 12:03:24.787,68:9E:19:03:95:84,-92,127,1.0,8.5,1.5
1758855804829,2025-09-26 12:03:24.829,AC:23:3F:26:3E:F2,-64,127,1.0,8.5,1.5
1758855804932,2025-09-26 12:03:24.932,AC:23:3F:26:3E:F2,-67,127,1.0,8.5,1.5
1758855804994,2025-09-26 12:03:24.994,68:9E:19:03:95:84,-95,127,1.0,8.5,1.5
1758855805028,2025-09-26 12:03:25.028,68:9E:19:03:95:F1,-76,127,1.0,8.5,1.5
1758855805102,2025-09-26 12:03:25.102,68:9E:19:03:95:84,-90,127,1.0,8.5,1.5
1758855805132,2025-09-26 12:03:25.132,68:9E:19:03:95:F1,-76,127,1.0,8.5,1.5
1758855805213,2025-09-26 12:03:25.213,68:9E:19:03:95:84,-96,127,1.0,8.5,1.5
1758855805237,2025-09-26 12:03:25.237,68:9E:19:03:95:F1,-78,127,1.0,8.5,1.5
1758855805317,2025-09-26 12:03:25.317,68:9E:19:03:95:84,-92,127,1.0,8.5,1.5
1758855805390,2025-09-26 12:03:25.390,AC:23:3F:26:3E:EF,-58,127,1.0,8.5,1.5
1758855805420,2025-09-26 12:03:25.420,68:9E:19:03:95:84,-91,127,1.0,8.5,1.5
1758855805426,2025-09-26 12:03:25.426,AC:23:3F:26:3E:F1,-75,127,1.0,8.5,1.5
1758855805431,2025-09-26 12:03:25.431,68:9E:19:03:95:F1,-76,127,1.0,8.5,1.5
1758855805478,2025-09-26 12:03:25.478,AC:23:3F:26:3E:F1,-75,127,1.0,8.5,1.5
1758855805483,2025-09-26 12:03:25.483,AC:23:3F:26:3E:F2,-63,127,1.0,8.5,1.5
1758855805540,2025-09-26 12:03:25.540,68:9E:19:03:95:F1,-76,127,1.0,8.5,1.5
1758855805545,2025-09-26 12:03:25.545,AC:23:3F:26:3E:F2,-76,127,1.0,8.5,1.5
1758855805635,2025-09-26 12:03:25.635,68:9E:19:03:95:84,-93,127,1.0,8.5,1.5
1758855805646,2025-09-26 12:03:25.646,68:9E:19:03:95:F1,-77,127,1.0,8.5,1.5
1758855805658,2025-09-26 12:03:25.658,AC:23:3F:26:3E:F2,-54,127,1.0,8.5,1.5
1758855805737,2025-09-26 12:03:25.737,68:9E:19:03:95:84,-91,127,1.0,8.5,1.5
1758855805742,2025-09-26 12:03:25.742,68:9E:19:03:95:F1,-76,127,1.0,8.5,1.5
1758855805839,2025-09-26 12:03:25.839,68:9E:19:03:95:84,-95,127,1.0,8.5,1.5
1758855805849,2025-09-26 12:03:25.849,68:9E:19:03:95:F1,-77,127,1.0,8.5,1.5
1758855805946,2025-09-26 12:03:25.946,68:9E:19:03:95:84,-92,127,1.0,8.5,1.5
1758855805954,2025-09-26 12:03:25.954,68:9E:19:03:95:F1,-76,127,1.0,8.5,1.5
1758855805990,2025-09-26 12:03:25.990,AC:23:3F:26:3E:EF,-58,127,1.0,8.5,1.5
1758855806054,2025-09-26 12:03:26.054,68:9E:19:03:95:84,-89,127,1.0,8.5,1.5
1758855806060,2025-09-26 12:03:26.060,68:9E:19:03:95:F1,-75,127,1.0,8.5,1.5
1758855806153,2025-09-26 12:03:26.153,AC:23:3F:26:3E:F1,-74,127,1.0,8.5,1.5
1758855806159,2025-09-26 12:03:26.159,68:9E:19:03:95:F1,-78,127,1.0,8.5,1.5
1758855806176,2025-09-26 12:03:26.176,AC:23:3F:26:3E:F1,-74,127,1.0,8.5,1.5
1758855806180,2025-09-26 12:03:26.180,AC:23:3F:26:3E:F2,-67,127,1.0,8.5,1.5
1758855806189,2025-09-26 12:03:26.189,AC:23:3F:26:3E:F1,-74,127,1.0,8.5,1.5
1758855806251,2025-09-26 12:03:26.251,AC:23:3F:26:3E:F2,-54,127,1.0,8.5,1.5
1758855806261,2025-09-26 12:03:26.261,68:9E:19:03:95:F1,-76,127,1.0,8.5,1.5
1758855806265,2025-09-26 12:03:26.265,68:9E:19:03:95:84,-92,127,1.0,8.5,1.5
1758855806342,2025-09-26 12:03:26.342,AC:23:3F:26:3E:F2,-63,127,1.0,8.5,1.5
1758855806360,2025-09-26 12:03:26.360,68:9E:19:03:95:84,-90,127,1.0,8.5,1.5
1758855806364,2025-09-26 12:03:26.364,68:9E:19:03:95:F1,-76,127,1.0,8.5,1.5
1758855806572,2025-09-26 12:03:26.572,68:9E:19:03:95:84,-91,127,1.0,8.5,1.5
1758855806579,2025-09-26 12:03:26.579,68:9E:19:03:95:F1,-76,127,1.0,8.5,1.5
1758855806594,2025-09-26 12:03:26.594,AC:23:3F:26:3E:EF,-58,127,1.0,8.5,1.5
1758855806683,2025-09-26 12:03:26.683,68:9E:19:03:95:84,-90,127,1.0,8.5,1.5
1758855806689,2025-09-26 12:03:26.689,68:9E:19:03:95:F1,-76,127,1.0,8.5,1.5
1758855806799,2025-09-26 12:03:26.799,68:9E:19:03:95:F1,-78,127,1.0,8.5,1.5
1758855806857,2025-09-26 12:03:26.857,AC:23:3F:26:3E:F1,-73,127,1.0,8.5,1.5
1758855806875,2025-09-26 12:03:26.875,AC:23:3F:26:3E:F1,-72,127,1.0,8.5,1.5
1758855806882,2025-09-26 12:03:26.882,AC:23:3F:26:3E:F2,-54,127,1.0,8.5,1.5
1758855806892,2025-09-26 12:03:26.892,68:9E:19:03:95:84,-92,127,1.0,8.5,1.5
1758855806900,2025-09-26 12:03:26.900,AC:23:3F:26:3E:F1,-75,127,1.0,8.5,1.5
1758855806966,2025-09-26 12:03:26.966,AC:23:3F:26:3E:F2,-66,127,1.0,8.5,1.5
1758855806990,2025-09-26 12:03:26.990,68:9E:19:03:95:84,-88,127,1.0,8.5,1.5
1758855806998,2025-09-26 12:03:26.998,68:9E:19:03:95:F1,-76,127,1.0,8.5,1.5
1758855807051,2025-09-26 12:03:27.051,AC:23:3F:26:3E:F2,-67,127,1.0,8.5,1.5
1758855807102,2025-09-26 12:03:27.102,68:9E:19:03:95:F1,-76,127,1.0,8.5,1.5
1758855807198,2025-09-26 12:03:27.198,68:9E:19:03:95:84,-90,127,1.0,8.5,1.5
1758855807203,2025-09-26 12:03:27.203,68:9E:19:03:95:F1,-76,127,1.0,8.5,1.5
1758855807298,2025-09-26 12:03:27.298,68:9E:19:03:95:84,-91,127,1.0,8.5,1.5
1758855807319,2025-09-26 12:03:27.319,68:9E:19:03:95:F1,-78,127,1.0,8.5,1.5
1758855807406,2025-09-26 12:03:27.406,68:9E:19:03:95:84,-91,127,1.0,8.5,1.5
1758855807505,2025-09-26 12:03:27.505,68:9E:19:03:95:84,-88,127,1.0,8.5,1.5
1758855807525,2025-09-26 12:03:27.525,68:9E:19:03:95:F1,-75,127,1.0,8.5,1.5
1758855807577,2025-09-26 12:03:27.577,AC:23:3F:26:3E:F1,-76,127,1.0,8.5,1.5
1758855807582,2025-09-26 12:03:27.582,AC:23:3F:26:3E:F2,-64,127,1.0,8.5,1.5
1758855807598,2025-09-26 12:03:27.598,AC:23:3F:26:3E:F1,-74,127,1.0,8.5,1.5
1758855807604,2025-09-26 12:03:27.604,68:9E:19:03:95:84,-96,127,1.0,8.5,1.5
1758855807616,2025-09-26 12:03:27.616,AC:23:3F:26:3E:F1,-74,127,1.0,8.5,1.5
1758855807632,2025-09-26 12:03:27.632,68:9E:19:03:95:F1,-78,127,1.0,8.5,1.5
1758855807677,2025-09-26 12:03:27.677,AC:23:3F:26:3E:F2,-67,127,1.0,8.5,1.5
1758855807709,2025-09-26 12:03:27.709,68:9E:19:03:95:84,-92,127,1.0,8.5,1.5
1758855807772,2025-09-26 12:03:27.772,AC:23:3F:26:3E:F2,-54,127,1.0,8.5,1.5
1758855807802,2025-09-26 12:03:27.802,AC:23:3F:26:3E:EF,-66,127,1.0,8.5,1.5
1758855807813,2025-09-26 12:03:27.813,68:9E:19:03:95:84,-90,127,1.0,8.5,1.5
1758855807844,2025-09-26 12:03:27.844,68:9E:19:03:95:F1,-76,127,1.0,8.5,1.5
1758855807952,2025-09-26 12:03:27.952,68:9E:19:03:95:F1,-77,127,1.0,8.5,1.5
1758855807958,2025-09-26 12:03:27.958,AC:23:3F:26:3E:F1,-86,127,1.0,8.5,1.5
1758855808023,2025-09-26 12:03:28.023,68:9E:19:03:95:84,-92,127,1.0,8.5,1.5
1758855808056,2025-09-26 12:03:28.056,68:9E:19:03:95:F1,-76,127,1.0,8.5,1.5
1758855808157,2025-09-26 12:03:28.157,68:9E:19:03:95:F1,-76,127,1.0,8.5,1.5
1758855808266,2025-09-26 12:03:28.266,68:9E:19:03:95:F1,-77,127,1.0,8.5,1.5
1758855808284,2025-09-26 12:03:28.284,AC:23:3F:26:3E:F1,-74,127,1.0,8.5,1.5
1758855808287,2025-09-26 12:03:28.287,AC:23:3F:26:3E:F2,-67,127,1.0,8.5,1.5
1758855808306,2025-09-26 12:03:28.306,AC:23:3F:26:3E:F1,-73,127,1.0,8.5,1.5
1758855808328,2025-09-26 12:03:28.328,AC:23:3F:26:3E:F1,-72,127,1.0,8.5,1.5
1758855808333,2025-09-26 12:03:28.333,68:9E:19:03:95:84,-92,127,1.0,8.5,1.5
1758855808369,2025-09-26 12:03:28.369,68:9E:19:03:95:F1,-76,127,1.0,8.5,1.5
1758855808374,2025-09-26 12:03:28.374,AC:23:3F:26:3E:F2,-54,127,1.0,8.5,1.5
1758855808411,2025-09-26 12:03:28.411,AC:23:3F:26:3E:EF,-68,127,1.0,8.5,1.5
1758855808438,2025-09-26 12:03:28.438,68:9E:19:03:95:84,-90,127,1.0,8.5,1.5
1758855808551,2025-09-26 12:03:28.551,68:9E:19:03:95:84,-95,127,1.0,8.5,1.5
1758855808583,2025-09-26 12:03:28.583,68:9E:19:03:95:F1,-77,127,1.0,8.5,1.5
1758855808653,2025-09-26 12:03:28.653,68:9E:19:03:95:84,-91,127,1.0,8.5,1.5
1758855808683,2025-09-26 12:03:28.683,68:9E:19:03:95:F1,-76,127,1.0,8.5,1.5
1758855808760,2025-09-26 12:03:28.760,68:9E:19:03:95:84,-91,127,1.0,8.5,1.5
1758855808787,2025-09-26 12:03:28.787,68:9E:19:03:95:F1,-75,127,1.0,8.5,1.5
1758855808899,2025-09-26 12:03:28.899,68:9E:19:03:95:F1,-77,127,1.0,8.5,1.5
1758855808983,2025-09-26 12:03:28.983,AC:23:3F:26:3E:F2,-54,127,1.0,8.5,1.5
1758855809017,2025-09-26 12:03:29.017,AC:23:3F:26:3E:F1,-75,127,1.0,8.5,1.5
1758855809022,2025-09-26 12:03:29.022,AC:23:3F:26:3E:EF,-68,127,1.0,8.5,1.5
1758855809041,2025-09-26 12:03:29.041,AC:23:3F:26:3E:F1,-75,127,1.0,8.5,1.5
1758855809083,2025-09-26 12:03:29.083,68:9E:19:03:95:84,-88,127,1.0,8.5,1.5
1758855809086,2025-09-26 12:03:29.086,AC:23:3F:26:3E:F2,-66,127,1.0,8.5,1.5
1758855809104,2025-09-26 12:03:29.104,68:9E:19:03:95:F1,-76,127,1.0,8.5,1.5
1758855809183,2025-09-26 12:03:29.183,AC:23:3F:26:3E:F2,-76,127,1.0,8.5,1.5
1758855809207,2025-09-26 12:03:29.207,68:9E:19:03:95:F1,-76,127,1.0,8.5,1.5
1758855809287,2025-09-26 12:03:29.287,68:9E:19:03:95:84,-93,127,1.0,8.5,1.5
1758855809305,2025-09-26 12:03:29.305,68:9E:19:03:95:F1,-75,127,1.0,8.5,1.5
1758855809405,2025-09-26 12:03:29.405,68:9E:19:03:95:84,-91,127,1.0,8.5,1.5
1758855809418,2025-09-26 12:03:29.418,68:9E:19:03:95:F1,-77,127,1.0,8.5,1.5
1758855809500,2025-09-26 12:03:29.500,68:9E:19:03:95:84,-91,127,1.0,8.5,1.5
1758855809514,2025-09-26 12:03:29.514,68:9E:19:03:95:F1,-76,127,1.0,8.5,1.5
1758855809608,2025-09-26 12:03:29.608,68:9E:19:03:95:84,-91,127,1.0,8.5,1.5
1758855809619,2025-09-26 12:03:29.619,68:9E:19:03:95:F1,-76,127,1.0,8.5,1.5
1758855809634,2025-09-26 12:03:29.634,AC:23:3F:26:3E:EF,-66,127,1.0,8.5,1.5
1758855809645,2025-09-26 12:03:29.645,AC:23:3F:26:3E:F2,-76,127,1.0,8.5,1.5
1758855809685,2025-09-26 12:03:29.685,AC:23:3F:26:3E:F2,-64,127,1.0,8.5,1.5
1758855809714,2025-09-26 12:03:29.714,68:9E:19:03:95:84,-96,127,1.0,8.5,1.5
1758855809720,2025-09-26 12:03:29.720,AC:23:3F:26:3E:F1,-74,127,1.0,8.5,1.5
1758855809746,2025-09-26 12:03:29.746,AC:23:3F:26:3E:F1,-74,127,1.0,8.5,1.5
1758855809796,2025-09-26 12:03:29.796,AC:23:3F:26:3E:F2,-67,127,1.0,8.5,1.5
1758855809826,2025-09-26 12:03:29.826,68:9E:19:03:95:84,-92,127,1.0,8.5,1.5
1758855809832,2025-09-26 12:03:29.832,68:9E:19:03:95:F1,-76,127,1.0,8.5,1.5
1758855809894,2025-09-26 12:03:29.894,AC:23:3F:26:3E:F2,-54,127,1.0,8.5,1.5
1758855810030,2025-09-26 12:03:30.030,68:9E:19:03:95:F1,-76,127,1.0,8.5,1.5
1758855810035,2025-09-26 12:03:30.035,68:9E:19:03:95:84,-94,127,1.0,8.5,1.5
1758855810136,2025-09-26 12:03:30.136,68:9E:19:03:95:F1,-76,127,1.0,8.5,1.5
1758855810141,2025-09-26 12:03:30.141,68:9E:19:03:95:84,-91,127,1.0,8.5,1.5
1758855810229,2025-09-26 12:03:30.229,AC:23:3F:26:3E:EF,-66,127,1.0,8.5,1.5
1758855810246,2025-09-26 12:03:30.246,68:9E:19:03:95:F1,-76,127,1.0,8.5,1.5
1758855810344,2025-09-26 12:03:30.344,68:9E:19:03:95:F1,-78,127,1.0,8.5,1.5
1758855810381,2025-09-26 12:03:30.381,AC:23:3F:26:3E:F2,-67,127,1.0,8.5,1.5
1758855810428,2025-09-26 12:03:30.428,AC:23:3F:26:3E:F1,-72,127,1.0,8.5,1.5
1758855810448,2025-09-26 12:03:30.448,68:9E:19:03:95:F1,-76,127,1.0,8.5,1.5
1758855810452,2025-09-26 12:03:30.452,AC:23:3F:26:3E:F1,-73,127,1.0,8.5,1.5
1758855810473,2025-09-26 12:03:30.473,AC:23:3F:26:3E:F1,-73,127,1.0,8.5,1.5
1758855810550,2025-09-26 12:03:30.550,68:9E:19:03:95:F1,-76,127,1.0,8.5,1.5
1758855810556,2025-09-26 12:03:30.556,68:9E:19:03:95:84,-90,127,1.0,8.5,1.5
1758855810604,2025-09-26 12:03:30.604,AC:23:3F:26:3E:F2,-67,127,1.0,8.5,1.5
1758855810651,2025-09-26 12:03:30.651,68:9E:19:03:95:F1,-78,127,1.0,8.5,1.5
1758855810672,2025-09-26 12:03:30.672,68:9E:19:03:95:84,-96,127,1.0,8.5,1.5
1758855810754,2025-09-26 12:03:30.754,68:9E:19:03:95:F1,-76,127,1.0,8.5,1.5
1758855810782,2025-09-26 12:03:30.782,68:9E:19:03:95:84,-92,127,1.0,8.5,1.5
1758855810837,2025-09-26 12:03:30.837,AC:23:3F:26:3E:EF,-68,127,1.0,8.5,1.5
1758855810865,2025-09-26 12:03:30.865,68:9E:19:03:95:F1,-75,127,1.0,8.5,1.5
1758855810870,2025-09-26 12:03:30.870,68:9E:19:03:95:84,-88,127,1.0,8.5,1.5
1758855810967,2025-09-26 12:03:30.967,68:9E:19:03:95:F1,-78,127,1.0,8.5,1.5
1758855811070,2025-09-26 12:03:31.070,68:9E:19:03:95:F1,-76,127,1.0,8.5,1.5
1758855811084,2025-09-26 12:03:31.084,AC:23:3F:26:3E:F2,-54,127,1.0,8.5,1.5
1758855811099,2025-09-26 12:03:31.099,68:9E:19:03:95:84,-91,127,1.0,8.5,1.5
1758855811133,2025-09-26 12:03:31.133,AC:23:3F:26:3E:F1,-75,127,1.0,8.5,1.5
1758855811157,2025-09-26 12:03:31.157,AC:23:3F:26:3E:F1,-75,127,1.0,8.5,1.5
1758855811167,2025-09-26 12:03:31.167,AC:23:3F:26:3E:F1,-76,127,1.0,8.5,1.5
1758855811190,2025-09-26 12:03:31.190,68:9E:19:03:95:84,-90,127,1.0,8.5,1.5
1758855811214,2025-09-26 12:03:31.214,AC:23:3F:26:3E:F2,-76,127,1.0,8.5,1.5
1758855811278,2025-09-26 12:03:31.278,68:9E:19:03:95:F1,-78,127,1.0,8.5,1.5
1758855811298,2025-09-26 12:03:31.298,68:9E:19:03:95:84,-92,127,1.0,8.5,1.5
1758855811323,2025-09-26 12:03:31.323,AC:23:3F:26:3E:F2,-54,127,1.0,8.5,1.5
1758855811444,2025-09-26 12:03:31.444,AC:23:3F:26:3E:EF,-66,127,1.0,8.5,1.5
1758855811491,2025-09-26 12:03:31.491,68:9E:19:03:95:F1,-76,127,1.0,8.5,1.5
1758855811598,2025-09-26 12:03:31.598,68:9E:19:03:95:F1,-75,127,1.0,8.5,1.5
1758855811608,2025-09-26 12:03:31.608,68:9E:19:03:95:84,-94,127,1.0,8.5,1.5
1758855811705,2025-09-26 12:03:31.705,68:9E:19:03:95:F1,-76,127,1.0,8.5,1.5
1758855811710,2025-09-26 12:03:31.710,68:9E:19:03:95:84,-90,127,1.0,8.5,1.5
1758855811791,2025-09-26 12:03:31.791,AC:23:3F:26:3E:F2,-64,127,1.0,8.5,1.5
1758855811813,2025-09-26 12:03:31.813,68:9E:19:03:95:F1,-77,127,1.0,8.5,1.5
1758855811846,2025-09-26 12:03:31.846,AC:23:3F:26:3E:F1,-74,127,1.0,8.5,1.5
1758855811872,2025-09-26 12:03:31.872,AC:23:3F:26:3E:F1,-73,127,1.0,8.5,1.5
1758855811897,2025-09-26 12:03:31.897,AC:23:3F:26:3E:F1,-74,127,1.0,8.5,1.5
1758855811924,2025-09-26 12:03:31.924,68:9E:19:03:95:F1,-76,127,1.0,8.5,1.5
1758855811929,2025-09-26 12:03:31.929,AC:23:3F:26:3E:F2,-54,127,1.0,8.5,1.5
1758855811973,2025-09-26 12:03:31.973,AC:23:3F:26:3E:F1,-85,127,1.0,8.5,1.5
1758855812023,2025-09-26 12:03:32.023,68:9E:19:03:95:84,-89,127,1.0,8.5,1.5
1758855812026,2025-09-26 12:03:32.026,AC:23:3F:26:3E:F2,-67,127,1.0,8.5,1.5
1758855812029,2025-09-26 12:03:32.029,68:9E:19:03:95:F1,-75,127,1.0,8.5,1.5
1758855812044,2025-09-26 12:03:32.044,AC:23:3F:26:3E:EF,-66,127,1.0,8.5,1.5
1758855812128,2025-09-26 12:03:32.128,68:9E:19:03:95:84,-95,127,1.0,8.5,1.5
1758855812237,2025-09-26 12:03:32.237,68:9E:19:03:95:F1,-77,127,1.0,8.5,1.5
1758855812245,2025-09-26 12:03:32.245,68:9E:19:03:95:84,-92,127,1.0,8.5,1.5
1758855812342,2025-09-26 12:03:32.342,68:9E:19:03:95:84,-90,127,1.0,8.5,1.5
1758855812445,2025-09-26 12:03:32.445,68:9E:19:03:95:F1,-75,127,1.0,8.5,1.5
1758855812485,2025-09-26 12:03:32.485,AC:23:3F:26:3E:F2,-78,127,1.0,8.5,1.5
1758855812555,2025-09-26 12:03:32.555,68:9E:19:03:95:F1,-77,127,1.0,8.5,1.5
1758855812559,2025-09-26 12:03:32.559,68:9E:19:03:95:84,-90,127,1.0,8.5,1.5
1758855812564,2025-09-26 12:03:32.564,AC:23:3F:26:3E:F1,-73,127,1.0,8.5,1.5
1758855812577,2025-09-26 12:03:32.577,AC:23:3F:26:3E:F1,-74,127,1.0,8.5,1.5
1758855812601,2025-09-26 12:03:32.601,AC:23:3F:26:3E:F1,-76,127,1.0,8.5,1.5
1758855812631,2025-09-26 12:03:32.631,AC:23:3F:26:3E:F2,-63,127,1.0,8.5,1.5
1758855812655,2025-09-26 12:03:32.655,AC:23:3F:26:3E:EF,-67,127,1.0,8.5,1.5
1758855812660,2025-09-26 12:03:32.660,68:9E:19:03:95:F1,-76,127,1.0,8.5,1.5
1758855812740,2025-09-26 12:03:32.740,AC:23:3F:26:3E:F2,-67,127,1.0,8.5,1.5
1758855812761,2025-09-26 12:03:32.761,68:9E:19:03:95:F1,-76,127,1.0,8.5,1.5
1758855812871,2025-09-26 12:03:32.871,68:9E:19:03:95:F1,-78,127,1.0,8.5,1.5
1758855812877,2025-09-26 12:03:32.877,68:9E:19:03:95:84,-92,127,1.0,8.5,1.5
1758855812974,2025-09-26 12:03:32.974,68:9E:19:03:95:F1,-76,127,1.0,8.5,1.5
1758855812983,2025-09-26 12:03:32.983,68:9E:19:03:95:84,-89,127,1.0,8.5,1.5
1758855813082,2025-09-26 12:03:33.082,68:9E:19:03:95:84,-92,127,1.0,8.5,1.5
1758855813190,2025-09-26 12:03:33.190,68:9E:19:03:95:F1,-78,127,1.0,8.5,1.5
1758855813195,2025-09-26 12:03:33.195,AC:23:3F:26:3E:F2,-54,127,1.0,8.5,1.5
1758855813260,2025-09-26 12:03:33.260,AC:23:3F:26:3E:EF,-69,127,1.0,8.5,1.5
1758855813287,2025-09-26 12:03:33.287,AC:23:3F:26:3E:F1,-75,127,1.0,8.5,1.5
1758855813293,2025-09-26 12:03:33.293,68:9E:19:03:95:F1,-75,127,1.0,8.5,1.5
1758855813300,2025-09-26 12:03:33.300,AC:23:3F:26:3E:F1,-74,127,1.0,8.5,1.5
1758855813323,2025-09-26 12:03:33.323,AC:23:3F:26:3E:F1,-74,127,1.0,8.5,1.5
1758855813339,2025-09-26 12:03:33.339,AC:23:3F:26:3E:F2,-66,127,1.0,8.5,1.5
1758855813395,2025-09-26 12:03:33.395,68:9E:19:03:95:F1,-76,127,1.0,8.5,1.5
1758855813400,2025-09-26 12:03:33.400,68:9E:19:03:95:84,-92,127,1.0,8.5,1.5
1758855813450,2025-09-26 12:03:33.450,AC:23:3F:26:3E:F2,-55,127,1.0,8.5,1.5
1758855813505,2025-09-26 12:03:33.505,68:9E:19:03:95:84,-89,127,1.0,8.5,1.5
1758855813606,2025-09-26 12:03:33.606,68:9E:19:03:95:F1,-76,127,1.0,8.5,1.5
1758855813637,2025-09-26 12:03:33.637,AC:23:3F:26:3E:F2,-78,127,1.0,8.5,1.5
1758855813711,2025-09-26 12:03:33.711,68:9E:19:03:95:84,-92,127,1.0,8.5,1.5
1758855813717,2025-09-26 12:03:33.717,68:9E:19:03:95:F1,-78,127,1.0,8.5,1.5
1758855813813,2025-09-26 12:03:33.813,68:9E:19:03:95:84,-89,127,1.0,8.5,1.5
1758855813821,2025-09-26 12:03:33.821,68:9E:19:03:95:F1,-76,127,1.0,8.5,1.5
1758855813863,2025-09-26 12:03:33.863,AC:23:3F:26:3E:EF,-68,127,1.0,8.5,1.5
1758855813885,2025-09-26 12:03:33.885,AC:23:3F:26:3E:F2,-63,127,1.0,8.5,1.5
1758855813912,2025-09-26 12:03:33.912,68:9E:19:03:95:84,-92,127,1.0,8.5,1.5
1758855813921,2025-09-26 12:03:33.921,68:9E:19:03:95:F1,-76,127,1.0,8.5,1.5
1758855813988,2025-09-26 12:03:33.988,AC:23:3F:26:3E:F1,-74,127,1.0,8.5,1.5
1758855814011,2025-09-26 12:03:34.011,AC:23:3F:26:3E:F1,-74,127,1.0,8.5,1.5
1758855814023,2025-09-26 12:03:34.023,68:9E:19:03:95:F1,-78,127,1.0,8.5,1.5
1758855814049,2025-09-26 12:03:34.049,AC:23:3F:26:3E:F2,-54,127,1.0,8.5,1.5
1758855814127,2025-09-26 12:03:34.127,68:9E:19:03:95:F1,-76,127,1.0,8.5,1.5
1758855814132,2025-09-26 12:03:34.132,68:9E:19:03:95:84,-89,127,1.0,8.5,1.5
1758855814155,2025-09-26 12:03:34.155,AC:23:3F:26:3E:F2,-63,127,1.0,8.5,1.5
1758855814237,2025-09-26 12:03:34.237,68:9E:19:03:95:F1,-76,127,1.0,8.5,1.5
1758855814342,2025-09-26 12:03:34.342,68:9E:19:03:95:F1,-78,127,1.0,8.5,1.5
1758855814442,2025-09-26 12:03:34.442,68:9E:19:03:95:F1,-76,127,1.0,8.5,1.5
1758855814468,2025-09-26 12:03:34.468,AC:23:3F:26:3E:EF,-67,127,1.0,8.5,1.5
1758855814546,2025-09-26 12:03:34.546,68:9E:19:03:95:F1,-75,127,1.0,8.5,1.5
1758855814550,2025-09-26 12:03:34.550,68:9E:19:03:95:84,-92,127,1.0,8.5,1.5
1758855814585,2025-09-26 12:03:34.585,AC:23:3F:26:3E:F2,-74,127,1.0,8.5,1.5
1758855814653,2025-09-26 12:03:34.653,68:9E:19:03:95:F1,-78,127,1.0,8.5,1.5
1758855814658,2025-09-26 12:03:34.658,68:9E:19:03:95:84,-93,127,1.0,8.5,1.5
1758855814700,2025-09-26 12:03:34.700,AC:23:3F:26:3E:F1,-75,127,1.0,8.5,1.5
1758855814712,2025-09-26 12:03:34.712,AC:23:3F:26:3E:F1,-75,127,1.0,8.5,1.5
1758855814737,2025-09-26 12:03:34.737,AC:23:3F:26:3E:F1,-76,127,1.0,8.5,1.5
1758855814760,2025-09-26 12:03:34.760,68:9E:19:03:95:F1,-75,127,1.0,8.5,1.5
1758855814970,2025-09-26 12:03:34.970,68:9E:19:03:95:84,-94,127,1.0,8.5,1.5
1758855814976,2025-09-26 12:03:34.976,68:9E:19:03:95:F1,-78,127,1.0,8.5,1.5
1758855815075,2025-09-26 12:03:35.075,68:9E:19:03:95:84,-89,127,1.0,8.5,1.5
1758855815184,2025-09-26 12:03:35.184,68:9E:19:03:95:F1,-76,127,1.0,8.5,1.5
1758855815290,2025-09-26 12:03:35.290,68:9E:19:03:95:84,-93,127,1.0,8.5,1.5
1758855815296,2025-09-26 12:03:35.296,AC:23:3F:26:3E:F2,-54,127,1.0,8.5,1.5
1758855815302,2025-09-26 12:03:35.302,68:9E:19:03:95:F1,-78,127,1.0,8.5,1.5
1758855815397,2025-09-26 12:03:35.397,68:9E:19:03:95:84,-87,127,1.0,8.5,1.5
1758855815402,2025-09-26 12:03:35.402,68:9E:19:03:95:F1,-75,127,1.0,8.5,1.5
1758855815414,2025-09-26 12:03:35.414,AC:23:3F:26:3E:F1,-74,127,1.0,8.5,1.5
1758855815440,2025-09-26 12:03:35.440,AC:23:3F:26:3E:F1,-74,127,1.0,8.5,1.5
1758855815454,2025-09-26 12:03:35.454,AC:23:3F:26:3E:F1,-74,127,1.0,8.5,1.5
1758855815505,2025-09-26 12:03:35.505,68:9E:19:03:95:84,-93,127,1.0,8.5,1.5
1758855815509,2025-09-26 12:03:35.509,68:9E:19:03:95:F1,-78,127,1.0,8.5,1.5
1758855815572,2025-09-26 12:03:35.572,AC:23:3F:26:3E:F2,-55,127,1.0,8.5,1.5
1758855815612,2025-09-26 12:03:35.612,68:9E:19:03:95:F1,-74,127,1.0,8.5,1.5
1758855815685,2025-09-26 12:03:35.685,AC:23:3F:26:3E:EF,-68,127,1.0,8.5,1.5
1758855815827,2025-09-26 12:03:35.827,68:9E:19:03:95:F1,-78,127,1.0,8.5,1.5
1758855815832,2025-09-26 12:03:35.832,68:9E:19:03:95:84,-93,127,1.0,8.5,1.5
1758855815932,2025-09-26 12:03:35.932,68:9E:19:03:95:84,-88,127,1.0,8.5,1.5
1758855815984,2025-09-26 12:03:35.984,AC:23:3F:26:3E:F1,-88,127,1.0,8.5,1.5
1758855815989,2025-09-26 12:03:35.989,AC:23:3F:26:3E:F2,-63,127,1.0,8.5,1.5
1758855816033,2025-09-26 12:03:36.033,68:9E:19:03:95:84,-92,127,1.0,8.5,1.5
1758855816038,2025-09-26 12:03:36.038,68:9E:19:03:95:F1,-76,127,1.0,8.5,1.5
1758855816161,2025-09-26 12:03:36.161,AC:23:3F:26:3E:F1,-73,127,1.0,8.5,1.5
1758855816182,2025-09-26 12:03:36.182,AC:23:3F:26:3E:F2,-54,127,1.0,8.5,1.5
1758855816234,2025-09-26 12:03:36.234,68:9E:19:03:95:84,-90,127,1.0,8.5,1.5
1758855816241,2025-09-26 12:03:36.241,68:9E:19:03:95:F1,-76,127,1.0,8.5,1.5
1758855816287,2025-09-26 12:03:36.287,AC:23:3F:26:3E:F2,-63,127,1.0,8.5,1.5
1758855816290,2025-09-26 12:03:36.290,AC:23:3F:26:3E:EF,-67,127,1.0,8.5,1.5
1758855816345,2025-09-26 12:03:36.345,68:9E:19:03:95:84,-92,127,1.0,8.5,1.5
1758855816350,2025-09-26 12:03:36.350,68:9E:19:03:95:F1,-76,127,1.0,8.5,1.5
1758855816446,2025-09-26 12:03:36.446,68:9E:19:03:95:84,-93,127,1.0,8.5,1.5
1758855816452,2025-09-26 12:03:36.452,68:9E:19:03:95:F1,-78,127,1.0,8.5,1.5
1758855816555,2025-09-26 12:03:36.555,68:9E:19:03:95:84,-87,127,1.0,8.5,1.5
1758855816663,2025-09-26 12:03:36.663,68:9E:19:03:95:84,-92,127,1.0,8.5,1.5
1758855816672,2025-09-26 12:03:36.672,68:9E:19:03:95:F1,-76,127,1.0,8.5,1.5
1758855816686,2025-09-26 12:03:36.686,AC:23:3F:26:3E:F2,-66,127,1.0,8.5,1.5
1758855816766,2025-09-26 12:03:36.766,68:9E:19:03:95:84,-93,127,1.0,8.5,1.5
1758855816778,2025-09-26 12:03:36.778,68:9E:19:03:95:F1,-77,127,1.0,8.5,1.5
1758855816862,2025-09-26 12:03:36.862,AC:23:3F:26:3E:F1,-76,127,1.0,8.5,1.5
1758855816867,2025-09-26 12:03:36.867,68:9E:19:03:95:84,-90,127,1.0,8.5,1.5
1758855816877,2025-09-26 12:03:36.877,AC:23:3F:26:3E:F1,-76,127,1.0,8.5,1.5
1758855816897,2025-09-26 12:03:36.897,AC:23:3F:26:3E:EF,-67,127,1.0,8.5,1.5
1758855816972,2025-09-26 12:03:36.972,68:9E:19:03:95:84,-95,127,1.0,8.5,1.5
1758855816991,2025-09-26 12:03:36.991,AC:23:3F:26:3E:F2,-66,127,1.0,8.5,1.5
1758855817077,2025-09-26 12:03:37.077,68:9E:19:03:95:84,-93,127,1.0,8.5,1.5
1758855817099,2025-09-26 12:03:37.099,68:9E:19:03:95:F1,-76,127,1.0,8.5,1.5
1758855817180,2025-09-26 12:03:37.180,68:9E:19:03:95:84,-87,127,1.0,8.5,1.5
1758855817210,2025-09-26 12:03:37.210,68:9E:19:03:95:F1,-76,127,1.0,8.5,1.5
1758855817284,2025-09-26 12:03:37.284,68:9E:19:03:95:84,-93,127,1.0,8.5,1.5
1758855817315,2025-09-26 12:03:37.315,68:9E:19:03:95:F1,-78,127,1.0,8.5,1.5
1758855817391,2025-09-26 12:03:37.391,68:9E:19:03:95:84,-93,127,1.0,8.5,1.5
1758855817492,2025-09-26 12:03:37.492,68:9E:19:03:95:84,-89,127,1.0,8.5,1.5
1758855817503,2025-09-26 12:03:37.503,AC:23:3F:26:3E:EF,-63,127,1.0,8.5,1.5
1758855817530,2025-09-26 12:03:37.530,68:9E:19:03:95:F1,-76,127,1.0,8.5,1.5
1758855817551,2025-09-26 12:03:37.551,AC:23:3F:26:3E:F1,-74,127,1.0,8.5,1.5
1758855817573,2025-09-26 12:03:37.573,AC:23:3F:26:3E:F1,-74,127,1.0,8.5,1.5
1758855817593,2025-09-26 12:03:37.593,68:9E:19:03:95:84,-91,127,1.0,8.5,1.5
1758855817624,2025-09-26 12:03:37.624,68:9E:19:03:95:F1,-78,127,1.0,8.5,1.5
1758855817636,2025-09-26 12:03:37.636,AC:23:3F:26:3E:F2,-67,127,1.0,8.5,1.5
1758855817706,2025-09-26 12:03:37.706,AC:23:3F:26:3E:F2,-63,127,1.0,8.5,1.5
1758855817733,2025-09-26 12:03:37.733,68:9E:19:03:95:F1,-76,127,1.0,8.5,1.5
1758855817832,2025-09-26 12:03:37.832,68:9E:19:03:95:F1,-76,127,1.0,8.5,1.5
1758855817908,2025-09-26 12:03:37.908,68:9E:19:03:95:84,-92,127,1.0,8.5,1.5
1758855817935,2025-09-26 12:03:37.935,68:9E:19:03:95:F1,-77,127,1.0,8.5,1.5
1758855818013,2025-09-26 12:03:38.013,68:9E:19:03:95:84,-91,127,1.0,8.5,1.5
1758855818043,2025-09-26 12:03:38.043,68:9E:19:03:95:F1,-76,127,1.0,8.5,1.5
1758855818098,2025-09-26 12:03:38.098,AC:23:3F:26:3E:F2,-67,127,1.0,8.5,1.5
1758855818133,2025-09-26 12:03:38.133,68:9E:19:03:95:F1,-77,127,1.0,8.5,1.5
1758855818230,2025-09-26 12:03:38.230,68:9E:19:03:95:84,-92,127,1.0,8.5,1.5
1758855818255,2025-09-26 12:03:38.255,68:9E:19:03:95:F1,-76,127,1.0,8.5,1.5
1758855818317,2025-09-26 12:03:38.317,AC:23:3F:26:3E:F1,-76,127,1.0,8.5,1.5
1758855818349,2025-09-26 12:03:38.349,68:9E:19:03:95:F1,-76,127,1.0,8.5,1.5
1758855818416,2025-09-26 12:03:38.416,AC:23:3F:26:3E:F2,-78,127,1.0,8.5,1.5
1758855818438,2025-09-26 12:03:38.438,68:9E:19:03:95:84,-96,127,1.0,8.5,1.5
1758855818463,2025-09-26 12:03:38.463,68:9E:19:03:95:F1,-74,127,1.0,8.5,1.5
1758855818549,2025-09-26 12:03:38.549,68:9E:19:03:95:84,-91,127,1.0,8.5,1.5
1758855818558,2025-09-26 12:03:38.558,68:9E:19:03:95:F1,-76,127,1.0,8.5,1.5
1758855818714,2025-09-26 12:03:38.714,AC:23:3F:26:3E:EF,-64,127,1.0,8.5,1.5
1758855818769,2025-09-26 12:03:38.769,68:9E:19:03:95:F1,-77,127,1.0,8.5,1.5
1758855818799,2025-09-26 12:03:38.799,AC:23:3F:26:3E:F2,-54,127,1.0,8.5,1.5
1758855818875,2025-09-26 12:03:38.875,68:9E:19:03:95:F1,-76,127,1.0,8.5,1.5
1758855818984,2025-09-26 12:03:38.984,68:9E:19:03:95:F1,-75,127,1.0,8.5,1.5
1758855819005,2025-09-26 12:03:39.005,AC:23:3F:26:3E:F1,-74,127,1.0,8.5,1.5
1758855819010,2025-09-26 12:03:39.010,AC:23:3F:26:3E:F2,-67,127,1.0,8.5,1.5
1758855819086,2025-09-26 12:03:39.086,68:9E:19:03:95:F1,-76,127,1.0,8.5,1.5
1758855819120,2025-09-26 12:03:39.120,AC:23:3F:26:3E:F2,-54,127,1.0,8.5,1.5
1758855819195,2025-09-26 12:03:39.195,68:9E:19:03:95:84,-90,127,1.0,8.5,1.5
1758855819301,2025-09-26 12:03:39.301,68:9E:19:03:95:84,-93,127,1.0,8.5,1.5
1758855819307,2025-09-26 12:03:39.307,68:9E:19:03:95:F1,-77,127,1.0,8.5,1.5
1758855819314,2025-09-26 12:03:39.314,AC:23:3F:26:3E:EF,-63,127,1.0,8.5,1.5
1758855819408,2025-09-26 12:03:39.408,68:9E:19:03:95:F1,-77,127,1.0,8.5,1.5
1758855819501,2025-09-26 12:03:39.501,AC:23:3F:26:3E:F2,-64,127,1.0,8.5,1.5
1758855819506,2025-09-26 12:03:39.506,68:9E:19:03:95:84,-90,127,1.0,8.5,1.5
1758855819511,2025-09-26 12:03:39.511,68:9E:19:03:95:F1,-74,127,1.0,8.5,1.5
1758855819625,2025-09-26 12:03:39.625,68:9E:19:03:95:F1,-77,127,1.0,8.5,1.5
1758855819700,2025-09-26 12:03:39.700,AC:23:3F:26:3E:F1,-73,127,1.0,8.5,1.5
1758855819707,2025-09-26 12:03:39.707,68:9E:19:03:95:84,-91,127,1.0,8.5,1.5
1758855819714,2025-09-26 12:03:39.714,AC:23:3F:26:3E:F1,-73,127,1.0,8.5,1.5
1758855819730,2025-09-26 12:03:39.730,AC:23:3F:26:3E:F2,-54,127,1.0,8.5,1.5
1758855819742,2025-09-26 12:03:39.742,AC:23:3F:26:3E:F1,-72,127,1.0,8.5,1.5
1758855819816,2025-09-26 12:03:39.816,68:9E:19:03:95:84,-91,127,1.0,8.5,1.5
1758855819823,2025-09-26 12:03:39.823,68:9E:19:03:95:F1,-75,127,1.0,8.5,1.5
1758855819836,2025-09-26 12:03:39.836,AC:23:3F:26:3E:F2,-64,127,1.0,8.5,1.5
1758855819923,2025-09-26 12:03:39.923,AC:23:3F:26:3E:EF,-63,127,1.0,8.5,1.5
1758855819928,2025-09-26 12:03:39.928,68:9E:19:03:95:84,-97,127,1.0,8.5,1.5
1758855820002,2025-09-26 12:03:40.002,AC:23:3F:26:3E:F1,-85,127,1.0,8.5,1.5
1758855820024,2025-09-26 12:03:40.024,68:9E:19:03:95:84,-92,127,1.0,8.5,1.5
1758855820028,2025-09-26 12:03:40.028,68:9E:19:03:95:F1,-76,127,1.0,8.5,1.5
1758855820133,2025-09-26 12:03:40.133,68:9E:19:03:95:F1,-75,127,1.0,8.5,1.5
1758855820199,2025-09-26 12:03:40.199,AC:23:3F:26:3E:F2,-67,127,1.0,8.5,1.5
1758855820223,2025-09-26 12:03:40.223,68:9E:19:03:95:84,-95,127,1.0,8.5,1.5
1758855820229,2025-09-26 12:03:40.229,68:9E:19:03:95:F1,-76,127,1.0,8.5,1.5
1758855820330,2025-09-26 12:03:40.330,68:9E:19:03:95:84,-92,127,1.0,8.5,1.5
1758855820337,2025-09-26 12:03:40.337,68:9E:19:03:95:F1,-76,127,1.0,8.5,1.5
1758855820407,2025-09-26 12:03:40.407,AC:23:3F:26:3E:F1,-76,127,1.0,8.5,1.5
1758855820428,2025-09-26 12:03:40.428,68:9E:19:03:95:84,-90,127,1.0,8.5,1.5
1758855820432,2025-09-26 12:03:40.432,AC:23:3F:26:3E:F1,-75,127,1.0,8.5,1.5
1758855820436,2025-09-26 12:03:40.436,AC:23:3F:26:3E:F2,-64,127,1.0,8.5,1.5
1758855820447,2025-09-26 12:03:40.447,AC:23:3F:26:3E:F1,-75,127,1.0,8.5,1.5
1758855820526,2025-09-26 12:03:40.526,AC:23:3F:26:3E:EF,-63,127,1.0,8.5,1.5
1758855820545,2025-09-26 12:03:40.545,68:9E:19:03:95:F1,-77,127,1.0,8.5,1.5
1758855820551,2025-09-26 12:03:40.551,AC:23:3F:26:3E:F2,-67,127,1.0,8.5,1.5
1758855820645,2025-09-26 12:03:40.645,68:9E:19:03:95:F1,-76,127,1.0,8.5,1.5
1758855820660,2025-09-26 12:03:40.660,68:9E:19:03:95:84,-92,127,1.0,8.5,1.5
1758855820746,2025-09-26 12:03:40.746,68:9E:19:03:95:F1,-75,127,1.0,8.5,1.5
1758855820752,2025-09-26 12:03:40.752,68:9E:19:03:95:84,-91,127,1.0,8.5,1.5
1758855820852,2025-09-26 12:03:40.852,68:9E:19:03:95:84,-94,127,1.0,8.5,1.5
1758855820901,2025-09-26 12:03:40.901,AC:23:3F:26:3E:F2,-54,127,1.0,8.5,1.5
1758855820960,2025-09-26 12:03:40.960,68:9E:19:03:95:F1,-76,127,1.0,8.5,1.5
1758855821059,2025-09-26 12:03:41.059,68:9E:19:03:95:F1,-75,127,1.0,8.5,1.5
1758855821065,2025-09-26 12:03:41.065,68:9E:19:03:95:84,-90,127,1.0,8.5,1.5
1758855821123,2025-09-26 12:03:41.123,AC:23:3F:26:3E:F1,-73,127,1.0,8.5,1.5
1758855821131,2025-09-26 12:03:41.131,AC:23:3F:26:3E:EF,-63,127,1.0,8.5,1.5
1758855821146,2025-09-26 12:03:41.146,AC:23:3F:26:3E:F2,-67,127,1.0,8.5,1.5
1758855821156,2025-09-26 12:03:41.156,AC:23:3F:26:3E:F1,-74,127,1.0,8.5,1.5
1758855821164,2025-09-26 12:03:41.164,68:9E:19:03:95:F1,-77,127,1.0,8.5,1.5
1758855821167,2025-09-26 12:03:41.167,AC:23:3F:26:3E:F1,-74,127,1.0,8.5,1.5
1758855821272,2025-09-26 12:03:41.272,68:9E:19:03:95:F1,-76,127,1.0,8.5,1.5
1758855821274,2025-09-26 12:03:41.274,68:9E:19:03:95:84,-92,127,1.0,8.5,1.5
1758855821374,2025-09-26 12:03:41.374,68:9E:19:03:95:84,-91,127,1.0,8.5,1.5
1758855821380,2025-09-26 12:03:41.380,68:9E:19:03:95:F1,-75,127,1.0,8.5,1.5
1758855821487,2025-09-26 12:03:41.487,68:9E:19:03:95:F1,-76,127,1.0,8.5,1.5
1758855821597,2025-09-26 12:03:41.597,68:9E:19:03:95:F1,-76,127,1.0,8.5,1.5
1758855821628,2025-09-26 12:03:41.628,AC:23:3F:26:3E:F2,-76,127,1.0,8.5,1.5
1758855821693,2025-09-26 12:03:41.693,68:9E:19:03:95:84,-89,127,1.0,8.5,1.5
1758855821699,2025-09-26 12:03:41.699,68:9E:19:03:95:F1,-74,127,1.0,8.5,1.5
1758855821735,2025-09-26 12:03:41.735,AC:23:3F:26:3E:EF,-63,127,1.0,8.5,1.5
1758855821794,2025-09-26 12:03:41.794,68:9E:19:03:95:84,-97,127,1.0,8.5,1.5
1758855821799,2025-09-26 12:03:41.799,68:9E:19:03:95:F1,-76,127,1.0,8.5,1.5
1758855821831,2025-09-26 12:03:41.831,AC:23:3F:26:3E:F1,-73,127,1.0,8.5,1.5
1758855821849,2025-09-26 12:03:41.849,AC:23:3F:26:3E:F2,-54,127,1.0,8.5,1.5
1758855821857,2025-09-26 12:03:41.857,AC:23:3F:26:3E:F1,-73,127,1.0,8.5,1.5
1758855821874,2025-09-26 12:03:41.874,AC:23:3F:26:3E:F1,-73,127,1.0,8.5,1.5
1758855821895,2025-09-26 12:03:41.895,68:9E:19:03:95:84,-92,127,1.0,8.5,1.5
1758855821902,2025-09-26 12:03:41.902,68:9E:19:03:95:F1,-75,127,1.0,8.5,1.5
1758855821968,2025-09-26 12:03:41.968,AC:23:3F:26:3E:F2,-63,127,1.0,8.5,1.5
1758855822003,2025-09-26 12:03:42.003,68:9E:19:03:95:84,-95,127,1.0,8.5,1.5
1758855822007,2025-09-26 12:03:42.007,68:9E:19:03:95:F1,-76,127,1.0,8.5,1.5
1758855822114,2025-09-26 12:03:42.114,68:9E:19:03:95:84,-92,127,1.0,8.5,1.5
1758855822119,2025-09-26 12:03:42.119,68:9E:19:03:95:F1,-76,127,1.0,8.5,1.5
1758855822303,2025-09-26 12:03:42.303,AC:23:3F:26:3E:F2,-67,127,1.0,8.5,1.5
1758855822325,2025-09-26 12:03:42.325,68:9E:19:03:95:F1,-76,127,1.0,8.5,1.5
1758855822329,2025-09-26 12:03:42.329,68:9E:19:03:95:84,-94,127,1.0,8.5,1.5
1758855822336,2025-09-26 12:03:42.336,AC:23:3F:26:3E:EF,-63,127,1.0,8.5,1.5
1758855822425,2025-09-26 12:03:42.425,68:9E:19:03:95:F1,-76,127,1.0,8.5,1.5
1758855822431,2025-09-26 12:03:42.431,68:9E:19:03:95:84,-92,127,1.0,8.5,1.5
1758855822525,2025-09-26 12:03:42.525,68:9E:19:03:95:F1,-76,127,1.0,8.5,1.5
1758855822552,2025-09-26 12:03:42.552,AC:23:3F:26:3E:F2,-64,127,1.0,8.5,1.5
1758855822574,2025-09-26 12:03:42.574,AC:23:3F:26:3E:F1,-75,127,1.0,8.5,1.5
1758855822591,2025-09-26 12:03:42.591,AC:23:3F:26:3E:F1,-76,127,1.0,8.5,1.5
1758855822633,2025-09-26 12:03:42.633,68:9E:19:03:95:F1,-76,127,1.0,8.5,1.5
1758855822674,2025-09-26 12:03:42.674,AC:23:3F:26:3E:F2,-68,127,1.0,8.5,1.5
1758855822734,2025-09-26 12:03:42.734,68:9E:19:03:95:F1,-76,127,1.0,8.5,1.5
1758855822738,2025-09-26 12:03:42.738,68:9E:19:03:95:84,-91,127,1.0,8.5,1.5
1758855822832,2025-09-26 12:03:42.832,68:9E:19:03:95:F1,-75,127,1.0,8.5,1.5
1758855822841,2025-09-26 12:03:42.841,68:9E:19:03:95:84,-91,127,1.0,8.5,1.5
1758855822936,2025-09-26 12:03:42.936,68:9E:19:03:95:F1,-77,127,1.0,8.5,1.5
1758855822944,2025-09-26 12:03:42.944,68:9E:19:03:95:84,-95,127,1.0,8.5,1.5
1758855822951,2025-09-26 12:03:42.951,AC:23:3F:26:3E:EF,-63,127,1.0,8.5,1.5
1758855823008,2025-09-26 12:03:43.008,AC:23:3F:26:3E:F2,-54,127,1.0,8.5,1.5
1758855823042,2025-09-26 12:03:43.042,68:9E:19:03:95:F1,-76,127,1.0,8.5,1.5
1758855823049,2025-09-26 12:03:43.049,68:9E:19:03:95:84,-91,127,1.0,8.5,1.5
1758855823145,2025-09-26 12:03:43.145,68:9E:19:03:95:F1,-75,127,1.0,8.5,1.5
1758855823152,2025-09-26 12:03:43.152,68:9E:19:03:95:84,-88,127,1.0,8.5,1.5
1758855823254,2025-09-26 12:03:43.254,68:9E:19:03:95:F1,-77,127,1.0,8.5,1.5
1758855823260,2025-09-26 12:03:43.260,AC:23:3F:26:3E:F1,-74,127,1.0,8.5,1.5
1758855823267,2025-09-26 12:03:43.267,AC:23:3F:26:3E:F2,-67,127,1.0,8.5,1.5
1758855823281,2025-09-26 12:03:43.281,AC:23:3F:26:3E:F1,-74,127,1.0,8.5,1.5
1758855823295,2025-09-26 12:03:43.295,AC:23:3F:26:3E:F1,-73,127,1.0,8.5,1.5
1758855823360,2025-09-26 12:03:43.360,68:9E:19:03:95:F1,-76,127,1.0,8.5,1.5
1758855823368,2025-09-26 12:03:43.368,68:9E:19:03:95:84,-91,127,1.0,8.5,1.5
1758855823389,2025-09-26 12:03:43.389,AC:23:3F:26:3E:F2,-54,127,1.0,8.5,1.5
1758855823469,2025-09-26 12:03:43.469,68:9E:19:03:95:F1,-76,127,1.0,8.5,1.5
1758855823549,2025-09-26 12:03:43.549,AC:23:3F:26:3E:EF,-63,127,1.0,8.5,1.5
1758855823575,2025-09-26 12:03:43.575,68:9E:19:03:95:F1,-76,127,1.0,8.5,1.5
1758855823580,2025-09-26 12:03:43.580,68:9E:19:03:95:84,-93,127,1.0,8.5,1.5
1758855823672,2025-09-26 12:03:43.672,68:9E:19:03:95:F1,-76,127,1.0,8.5,1.5
1758855823690,2025-09-26 12:03:43.690,68:9E:19:03:95:84,-92,127,1.0,8.5,1.5
1758855823706,2025-09-26 12:03:43.706,AC:23:3F:26:3E:F2,-64,127,1.0,8.5,1.5
1758855823773,2025-09-26 12:03:43.773,68:9E:19:03:95:F1,-76,127,1.0,8.5,1.5
1758855823789,2025-09-26 12:03:43.789,68:9E:19:03:95:84,-88,127,1.0,8.5,1.5
1758855823883,2025-09-26 12:03:43.883,68:9E:19:03:95:F1,-75,127,1.0,8.5,1.5
1758855823891,2025-09-26 12:03:43.891,68:9E:19:03:95:84,-92,127,1.0,8.5,1.5
1758855823969,2025-09-26 12:03:43.969,AC:23:3F:26:3E:F1,-73,127,1.0,8.5,1.5
1758855823991,2025-09-26 12:03:43.991,AC:23:3F:26:3E:F1,-73,127,1.0,8.5,1.5
1758855823996,2025-09-26 12:03:43.996,68:9E:19:03:95:F1,-76,127,1.0,8.5,1.5
1758855824000,2025-09-26 12:03:44.000,68:9E:19:03:95:84,-92,127,1.0,8.5,1.5
1758855824004,2025-09-26 12:03:44.004,AC:23:3F:26:3E:F1,-76,127,1.0,8.5,1.5
1758855824023,2025-09-26 12:03:44.023,AC:23:3F:26:3E:F1,-89,127,1.0,8.5,1.5
1758855824103,2025-09-26 12:03:44.103,68:9E:19:03:95:F1,-75,127,1.0,8.5,1.5
1758855824109,2025-09-26 12:03:44.109,AC:23:3F:26:3E:F2,-68,127,1.0,8.5,1.5
1758855824114,2025-09-26 12:03:44.114,68:9E:19:03:95:84,-93,127,1.0,8.5,1.5
1758855824150,2025-09-26 12:03:44.150,AC:23:3F:26:3E:EF,-63,127,1.0,8.5,1.5
1758855824204,2025-09-26 12:03:44.204,68:9E:19:03:95:F1,-76,127,1.0,8.5,1.5
1758855824210,2025-09-26 12:03:44.210,68:9E:19:03:95:84,-92,127,1.0,8.5,1.5
1758855824313,2025-09-26 12:03:44.313,68:9E:19:03:95:F1,-76,127,1.0,8.5,1.5
1758855824403,2025-09-26 12:03:44.403,AC:23:3F:26:3E:F2,-77,127,1.0,8.5,1.5
1758855824413,2025-09-26 12:03:44.413,68:9E:19:03:95:F1,-76,127,1.0,8.5,1.5
1758855824616,2025-09-26 12:03:44.616,68:9E:19:03:95:F1,-75,127,1.0,8.5,1.5
1758855824621,2025-09-26 12:03:44.621,68:9E:19:03:95:84,-89,127,1.0,8.5,1.5
1758855824679,2025-09-26 12:03:44.679,AC:23:3F:26:3E:F1,-75,127,1.0,8.5,1.5
1758855824686,2025-09-26 12:03:44.686,AC:23:3F:26:3E:F2,-63,127,1.0,8.5,1.5
1758855824706,2025-09-26 12:03:44.706,AC:23:3F:26:3E:F1,-74,127,1.0,8.5,1.5
1758855824713,2025-09-26 12:03:44.713,68:9E:19:03:95:F1,-75,127,1.0,8.5,1.5
1758855824718,2025-09-26 12:03:44.718,68:9E:19:03:95:84,-93,127,1.0,8.5,1.5
1758855824725,2025-09-26 12:03:44.725,AC:23:3F:26:3E:F1,-74,127,1.0,8.5,1.5
1758855824753,2025-09-26 12:03:44.753,AC:23:3F:26:3E:EF,-63,127,1.0,8.5,1.5
1758855824808,2025-09-26 12:03:44.808,AC:23:3F:26:3E:F2,-54,127,1.0,8.5,1.5
1758855824817,2025-09-26 12:03:44.817,68:9E:19:03:95:F1,-77,127,1.0,8.5,1.5
1758855824830,2025-09-26 12:03:44.830,68:9E:19:03:95:84,-92,127,1.0,8.5,1.5
1758855824929,2025-09-26 12:03:44.929,68:9E:19:03:95:F1,-75,127,1.0,8.5,1.5
1758855825036,2025-09-26 12:03:45.036,68:9E:19:03:95:F1,-76,127,1.0,8.5,1.5
1758855825042,2025-09-26 12:03:45.042,68:9E:19:03:95:84,-93,127,1.0,8.5,1.5
1758855825134,2025-09-26 12:03:45.134,68:9E:19:03:95:F1,-76,127,1.0,8.5,1.5
1758855825139,2025-09-26 12:03:45.139,68:9E:19:03:95:84,-92,127,1.0,8.5,1.5
1758855825238,2025-09-26 12:03:45.238,68:9E:19:03:95:F1,-76,127,1.0,8.5,1.5
1758855825350,2025-09-26 12:03:45.350,68:9E:19:03:95:F1,-76,127,1.0,8.5,1.5
1758855825396,2025-09-26 12:03:45.396,AC:23:3F:26:3E:F1,-74,127,1.0,8.5,1.5
1758855825401,2025-09-26 12:03:45.401,AC:23:3F:26:3E:F2,-54,127,1.0,8.5,1.5
1758855825420,2025-09-26 12:03:45.420,AC:23:3F:26:3E:F1,-73,127,1.0,8.5,1.5
1758855825437,2025-09-26 12:03:45.437,AC:23:3F:26:3E:F1,-73,127,1.0,8.5,1.5
1758855825454,2025-09-26 12:03:45.454,68:9E:19:03:95:F1,-77,127,1.0,8.5,1.5
1758855825457,2025-09-26 12:03:45.457,68:9E:19:03:95:84,-92,127,1.0,8.5,1.5
1758855825520,2025-09-26 12:03:45.520,AC:23:3F:26:3E:F2,-67,127,1.0,8.5,1.5
1758855825558,2025-09-26 12:03:45.558,68:9E:19:03:95:F1,-75,127,1.0,8.5,1.5
1758855825638,2025-09-26 12:03:45.638,AC:23:3F:26:3E:F2,-81,127,1.0,8.5,1.5
1758855825669,2025-09-26 12:03:45.669,68:9E:19:03:95:F1,-76,127,1.0,8.5,1.5
1758855825766,2025-09-26 12:03:45.766,68:9E:19:03:95:84,-92,127,1.0,8.5,1.5
1758855825769,2025-09-26 12:03:45.769,68:9E:19:03:95:F1,-76,127,1.0,8.5,1.5
1758855825798,2025-09-26 12:03:45.798,AC:23:3F:26:3E:F2,-64,127,1.0,8.5,1.5
1758855825864,2025-09-26 12:03:45.864,68:9E:19:03:95:84,-92,127,1.0,8.5,1.5
1758855825869,2025-09-26 12:03:45.869,68:9E:19:03:95:F1,-76,127,1.0,8.5,1.5
1758855825965,2025-09-26 12:03:45.965,AC:23:3F:26:3E:EF,-63,127,1.0,8.5,1.5
1758855825971,2025-09-26 12:03:45.971,68:9E:19:03:95:84,-94,127,1.0,8.5,1.5
1758855825977,2025-09-26 12:03:45.977,68:9E:19:03:95:F1,-76,127,1.0,8.5,1.5
1758855826072,2025-09-26 12:03:46.072,68:9E:19:03:95:84,-91,127,1.0,8.5,1.5
1758855826101,2025-09-26 12:03:46.101,AC:23:3F:26:3E:F2,-63,127,1.0,8.5,1.5
1758855826111,2025-09-26 12:03:46.111,AC:23:3F:26:3E:F1,-76,127,1.0,8.5,1.5
1758855826132,2025-09-26 12:03:46.132,AC:23:3F:26:3E:F1,-76,127,1.0,8.5,1.5
1758855826150,2025-09-26 12:03:46.150,AC:23:3F:26:3E:F1,-76,127,1.0,8.5,1.5
1758855826168,2025-09-26 12:03:46.168,68:9E:19:03:95:84,-91,127,1.0,8.5,1.5
1758855826190,2025-09-26 12:03:46.190,68:9E:19:03:95:F1,-75,127,1.0,8.5,1.5
1758855826221,2025-09-26 12:03:46.221,AC:23:3F:26:3E:F2,-68,127,1.0,8.5,1.5
1758855826273,2025-09-26 12:03:46.273,68:9E:19:03:95:84,-95,127,1.0,8.5,1.5
1758855826297,2025-09-26 12:03:46.297,68:9E:19:03:95:F1,-76,127,1.0,8.5,1.5
1758855826401,2025-09-26 12:03:46.401,68:9E:19:03:95:F1,-75,127,1.0,8.5,1.5
1758855826478,2025-09-26 12:03:46.478,68:9E:19:03:95:84,-90,127,1.0,8.5,1.5
1758855826506,2025-09-26 12:03:46.506,AC:23:3F:26:3E:F2,-78,127,1.0,8.5,1.5
1758855826512,2025-09-26 12:03:46.512,68:9E:19:03:95:F1,-75,127,1.0,8.5,1.5
1758855826564,2025-09-26 12:03:46.564,AC:23:3F:26:3E:EF,-62,127,1.0,8.5,1.5
1758855826586,2025-09-26 12:03:46.586,68:9E:19:03:95:84,-94,127,1.0,8.5,1.5
1758855826608,2025-09-26 12:03:46.608,68:9E:19:03:95:F1,-77,127,1.0,8.5,1.5
1758855826683,2025-09-26 12:03:46.683,68:9E:19:03:95:84,-92,127,1.0,8.5,1.5
1758855826706,2025-09-26 12:03:46.706,68:9E:19:03:95:F1,-76,127,1.0,8.5,1.5
1758855826787,2025-09-26 12:03:46.787,68:9E:19:03:95:84,-91,127,1.0,8.5,1.5
1758855826826,2025-09-26 12:03:46.826,AC:23:3F:26:3E:F1,-74,127,1.0,8.5,1.5
1758855826849,2025-09-26 12:03:46.849,AC:23:3F:26:3E:F1,-74,127,1.0,8.5,1.5
1758855826869,2025-09-26 12:03:46.869,AC:23:3F:26:3E:F1,-74,127,1.0,8.5,1.5
1758855826894,2025-09-26 12:03:46.894,68:9E:19:03:95:84,-93,127,1.0,8.5,1.5
1758855826916,2025-09-26 12:03:46.916,68:9E:19:03:95:F1,-76,127,1.0,8.5,1.5
1758855826936,2025-09-26 12:03:46.936,AC:23:3F:26:3E:F2,-54,127,1.0,8.5,1.5
1758855827024,2025-09-26 12:03:47.024,68:9E:19:03:95:F1,-76,127,1.0,8.5,1.5
1758855827100,2025-09-26 12:03:47.100,68:9E:19:03:95:84,-95,127,1.0,8.5,1.5
1758855827123,2025-09-26 12:03:47.123,68:9E:19:03:95:F1,-76,127,1.0,8.5,1.5
1758855827172,2025-09-26 12:03:47.172,AC:23:3F:26:3E:EF,-63,127,1.0,8.5,1.5
1758855827201,2025-09-26 12:03:47.201,68:9E:19:03:95:84,-91,127,1.0,8.5,1.5
1758855827233,2025-09-26 12:03:47.233,68:9E:19:03:95:F1,-76,127,1.0,8.5,1.5
1758855827306,2025-09-26 12:03:47.306,68:9E:19:03:95:84,-92,127,1.0,8.5,1.5
1758855827333,2025-09-26 12:03:47.333,68:9E:19:03:95:F1,-75,127,1.0,8.5,1.5
1758855827416,2025-09-26 12:03:47.416,68:9E:19:03:95:84,-93,127,1.0,8.5,1.5
1758855827438,2025-09-26 12:03:47.438,68:9E:19:03:95:F1,-75,127,1.0,8.5,1.5
1758855827520,2025-09-26 12:03:47.520,68:9E:19:03:95:84,-92,127,1.0,8.5,1.5
1758855827524,2025-09-26 12:03:47.524,AC:23:3F:26:3E:F2,-54,127,1.0,8.5,1.5
1758855827544,2025-09-26 12:03:47.544,AC:23:3F:26:3E:F1,-73,127,1.0,8.5,1.5
1758855827549,2025-09-26 12:03:47.549,68:9E:19:03:95:F1,-76,127,1.0,8.5,1.5
1758855827568,2025-09-26 12:03:47.568,AC:23:3F:26:3E:F1,-73,127,1.0,8.5,1.5
1758855827590,2025-09-26 12:03:47.590,AC:23:3F:26:3E:F1,-73,127,1.0,8.5,1.5
1758855827626,2025-09-26 12:03:47.626,68:9E:19:03:95:84,-90,127,1.0,8.5,1.5
1758855827757,2025-09-26 12:03:47.757,68:9E:19:03:95:F1,-76,127,1.0,8.5,1.5
1758855827778,2025-09-26 12:03:47.778,AC:23:3F:26:3E:EF,-63,127,1.0,8.5,1.5
1758855827839,2025-09-26 12:03:47.839,68:9E:19:03:95:84,-94,127,1.0,8.5,1.5
1758855827861,2025-09-26 12:03:47.861,68:9E:19:03:95:F1,-77,127,1.0,8.5,1.5
1758855827906,2025-09-26 12:03:47.906,AC:23:3F:26:3E:F2,-64,127,1.0,8.5,1.5
1758855827945,2025-09-26 12:03:47.945,68:9E:19:03:95:84,-91,127,1.0,8.5,1.5
1758855827970,2025-09-26 12:03:47.970,68:9E:19:03:95:F1,-75,127,1.0,8.5,1.5
1758855828021,2025-09-26 12:03:48.021,AC:23:3F:26:3E:F1,-86,127,1.0,8.5,1.5
1758855828054,2025-09-26 12:03:48.054,68:9E:19:03:95:84,-92,127,1.0,8.5,1.5
1758855828077,2025-09-26 12:03:48.077,68:9E:19:03:95:F1,-76,127,1.0,8.5,1.5
1758855828164,2025-09-26 12:03:48.164,68:9E:19:03:95:84,-91,127,1.0,8.5,1.5
1758855828186,2025-09-26 12:03:48.186,68:9E:19:03:95:F1,-76,127,1.0,8.5,1.5
1758855828244,2025-09-26 12:03:48.244,AC:23:3F:26:3E:F1,-76,127,1.0,8.5,1.5
1758855828269,2025-09-26 12:03:48.269,AC:23:3F:26:3E:F1,-75,127,1.0,8.5,1.5
1758855828274,2025-09-26 12:03:48.274,68:9E:19:03:95:84,-91,127,1.0,8.5,1.5
1758855828277,2025-09-26 12:03:48.277,68:9E:19:03:95:F1,-75,127,1.0,8.5,1.5
1758855828282,2025-09-26 12:03:48.282,AC:23:3F:26:3E:F1,-76,127,1.0,8.5,1.5
1758855828357,2025-09-26 12:03:48.357,AC:23:3F:26:3E:F2,-68,127,1.0,8.5,1.5
1758855828368,2025-09-26 12:03:48.368,68:9E:19:03:95:84,-95,127,1.0,8.5,1.5
1758855828472,2025-09-26 12:03:48.472,68:9E:19:03:95:84,-91,127,1.0,8.5,1.5
1758855828477,2025-09-26 12:03:48.477,68:9E:19:03:95:F1,-76,127,1.0,8.5,1.5
1758855828576,2025-09-26 12:03:48.576,68:9E:19:03:95:84,-90,127,1.0,8.5,1.5
1758855828586,2025-09-26 12:03:48.586,68:9E:19:03:95:F1,-75,127,1.0,8.5,1.5
1758855828608,2025-09-26 12:03:48.608,AC:23:3F:26:3E:F2,-79,127,1.0,8.5,1.5
1758855828673,2025-09-26 12:03:48.673,68:9E:19:03:95:84,-94,127,1.0,8.5,1.5
1758855828692,2025-09-26 12:03:48.692,68:9E:19:03:95:F1,-74,127,1.0,8.5,1.5
1758855828780,2025-09-26 12:03:48.780,68:9E:19:03:95:84,-92,127,1.0,8.5,1.5
1758855828802,2025-09-26 12:03:48.802,68:9E:19:03:95:F1,-76,127,1.0,8.5,1.5
1758855828881,2025-09-26 12:03:48.881,68:9E:19:03:95:84,-94,127,1.0,8.5,1.5
1758855828902,2025-09-26 12:03:48.902,68:9E:19:03:95:F1,-76,127,1.0,8.5,1.5
1758855828961,2025-09-26 12:03:48.961,AC:23:3F:26:3E:F1,-74,127,1.0,8.5,1.5
1758855828986,2025-09-26 12:03:48.986,AC:23:3F:26:3E:F1,-74,127,1.0,8.5,1.5
1758855828992,2025-09-26 12:03:48.992,AC:23:3F:26:3E:EF,-63,127,1.0,8.5,1.5
1758855828995,2025-09-26 12:03:48.995,68:9E:19:03:95:84,-94,127,1.0,8.5,1.5
1758855828999,2025-09-26 12:03:48.999,AC:23:3F:26:3E:F1,-73,127,1.0,8.5,1.5
1758855829015,2025-09-26 12:03:49.015,68:9E:19:03:95:F1,-77,127,1.0,8.5,1.5
1758855829063,2025-09-26 12:03:49.063,AC:23:3F:26:3E:F2,-54,127,1.0,8.5,1.5
1758855829093,2025-09-26 12:03:49.093,68:9E:19:03:95:84,-92,127,1.0,8.5,1.5
1758855829120,2025-09-26 12:03:49.120,68:9E:19:03:95:F1,-74,127,1.0,8.5,1.5
1758855829198,2025-09-26 12:03:49.198,68:9E:19:03:95:84,-90,127,1.0,8.5,1.5
1758855829221,2025-09-26 12:03:49.221,68:9E:19:03:95:F1,-75,127,1.0,8.5,1.5
1758855829310,2025-09-26 12:03:49.310,68:9E:19:03:95:84,-91,127,1.0,8.5,1.5
1758855829318,2025-09-26 12:03:49.318,AC:23:3F:26:3E:F2,-54,127,1.0,8.5,1.5
1758855829331,2025-09-26 12:03:49.331,68:9E:19:03:95:F1,-77,127,1.0,8.5,1.5
1758855829433,2025-09-26 12:03:49.433,68:9E:19:03:95:F1,-74,127,1.0,8.5,1.5
1758855829532,2025-09-26 12:03:49.532,68:9E:19:03:95:F1,-76,127,1.0,8.5,1.5
1758855829586,2025-09-26 12:03:49.586,AC:23:3F:26:3E:EF,-63,127,1.0,8.5,1.5
1758855829620,2025-09-26 12:03:49.620,68:9E:19:03:95:84,-92,127,1.0,8.5,1.5
1758855829632,2025-09-26 12:03:49.632,68:9E:19:03:95:F1,-77,127,1.0,8.5,1.5
1758855829646,2025-09-26 12:03:49.646,AC:23:3F:26:3E:F2,-67,127,1.0,8.5,1.5
1758855829665,2025-09-26 12:03:49.665,AC:23:3F:26:3E:F2,-54,127,1.0,8.5,1.5
1758855829671,2025-09-26 12:03:49.671,AC:23:3F:26:3E:F1,-73,127,1.0,8.5,1.5
1758855829718,2025-09-26 12:03:49.718,AC:23:3F:26:3E:F1,-77,127,1.0,8.5,1.5
1758855829726,2025-09-26 12:03:49.726,68:9E:19:03:95:84,-91,127,1.0,8.5,1.5
1758855829740,2025-09-26 12:03:49.740,68:9E:19:03:95:F1,-75,127,1.0,8.5,1.5
1758855829771,2025-09-26 12:03:49.771,AC:23:3F:26:3E:F2,-63,127,1.0,8.5,1.5
1758855829835,2025-09-26 12:03:49.835,68:9E:19:03:95:84,-94,127,1.0,8.5,1.5
1758855829847,2025-09-26 12:03:49.847,68:9E:19:03:95:F1,-75,127,1.0,8.5,1.5
1758855829945,2025-09-26 12:03:49.945,68:9E:19:03:95:84,-94,127,1.0,8.5,1.5
1758855829950,2025-09-26 12:03:49.950,68:9E:19:03:95:F1,-77,127,1.0,8.5,1.5
1758855830054,2025-09-26 12:03:50.054,68:9E:19:03:95:F1,-74,127,1.0,8.5,1.5
1758855830152,2025-09-26 12:03:50.152,68:9E:19:03:95:84,-94,127,1.0,8.5,1.5
1758855830158,2025-09-26 12:03:50.158,68:9E:19:03:95:F1,-75,127,1.0,8.5,1.5
1758855830190,2025-09-26 12:03:50.190,AC:23:3F:26:3E:EF,-63,127,1.0,8.5,1.5
1758855830258,2025-09-26 12:03:50.258,68:9E:19:03:95:F1,-77,127,1.0,8.5,1.5
1758855830360,2025-09-26 12:03:50.360,AC:23:3F:26:3E:F2,-66,127,1.0,8.5,1.5
1758855830366,2025-09-26 12:03:50.366,68:9E:19:03:95:F1,-74,127,1.0,8.5,1.5
1758855830370,2025-09-26 12:03:50.370,68:9E:19:03:95:84,-91,127,1.0,8.5,1.5
1758855830389,2025-09-26 12:03:50.389,AC:23:3F:26:3E:F1,-76,127,1.0,8.5,1.5
1758855830407,2025-09-26 12:03:50.407,AC:23:3F:26:3E:F1,-74,127,1.0,8.5,1.5
1758855830429,2025-09-26 12:03:50.429,AC:23:3F:26:3E:F1,-74,127,1.0,8.5,1.5
1758855830470,2025-09-26 12:03:50.470,68:9E:19:03:95:F1,-76,127,1.0,8.5,1.5
1758855830491,2025-09-26 12:03:50.491,AC:23:3F:26:3E:F2,-69,127,1.0,8.5,1.5
1758855830573,2025-09-26 12:03:50.573,68:9E:19:03:95:F1,-76,127,1.0,8.5,1.5
1758855830579,2025-09-26 12:03:50.579,68:9E:19:03:95:84,-92,127,1.0,8.5,1.5
1758855830679,2025-09-26 12:03:50.679,68:9E:19:03:95:84,-91,127,1.0,8.5,1.5
1758855830712,2025-09-26 12:03:50.712,AC:23:3F:26:3E:F2,-68,127,1.0,8.5,1.5
1758855830779,2025-09-26 12:03:50.779,68:9E:19:03:95:F1,-75,127,1.0,8.5,1.5
1758855830799,2025-09-26 12:03:50.799,AC:23:3F:26:3E:EF,-63,127,1.0,8.5,1.5
1758855830885,2025-09-26 12:03:50.885,68:9E:19:03:95:F1,-77,127,1.0,8.5,1.5
1758855830891,2025-09-26 12:03:50.891,68:9E:19:03:95:84,-92,127,1.0,8.5,1.5
1758855830990,2025-09-26 12:03:50.990,68:9E:19:03:95:F1,-75,127,1.0,8.5,1.5
1758855831067,2025-09-26 12:03:51.067,AC:23:3F:26:3E:F2,-67,127,1.0,8.5,1.5
1758855831093,2025-09-26 12:03:51.093,68:9E:19:03:95:F1,-76,127,1.0,8.5,1.5
1758855831097,2025-09-26 12:03:51.097,AC:23:3F:26:3E:F1,-73,127,1.0,8.5,1.5
1758855831102,2025-09-26 12:03:51.102,68:9E:19:03:95:84,-91,127,1.0,8.5,1.5
1758855831120,2025-09-26 12:03:51.120,AC:23:3F:26:3E:F1,-73,127,1.0,8.5,1.5
1758855831138,2025-09-26 12:03:51.138,AC:23:3F:26:3E:F1,-74,127,1.0,8.5,1.5
1758855831191,2025-09-26 12:03:51.191,68:9E:19:03:95:F1,-76,127,1.0,8.5,1.5
1758855831194,2025-09-26 12:03:51.194,AC:23:3F:26:3E:F2,-64,127,1.0,8.5,1.5
1758855831298,2025-09-26 12:03:51.298,68:9E:19:03:95:F1,-76,127,1.0,8.5,1.5
1758855831311,2025-09-26 12:03:51.311,68:9E:19:03:95:84,-94,127,1.0,8.5,1.5
1758855831401,2025-09-26 12:03:51.401,AC:23:3F:26:3E:EF,-58,127,1.0,8.5,1.5
1758855831406,2025-09-26 12:03:51.406,68:9E:19:03:95:F1,-76,127,1.0,8.5,1.5
1758855831411,2025-09-26 12:03:51.411,AC:23:3F:26:3E:F2,-54,127,1.0,8.5,1.5
1758855831428,2025-09-26 12:03:51.428,68:9E:19:03:95:84,-92,127,1.0,8.5,1.5
1758855831509,2025-09-26 12:03:51.509,68:9E:19:03:95:F1,-75,127,1.0,8.5,1.5
1758855831533,2025-09-26 12:03:51.533,68:9E:19:03:95:84,-91,127,1.0,8.5,1.5
1758855831612,2025-09-26 12:03:51.612,68:9E:19:03:95:F1,-75,127,1.0,8.5,1.5
1758855831644,2025-09-26 12:03:51.644,68:9E:19:03:95:84,-94,127,1.0,8.5,1.5
1758855831719,2025-09-26 12:03:51.719,68:9E:19:03:95:F1,-76,127,1.0,8.5,1.5
1758855831780,2025-09-26 12:03:51.780,AC:23:3F:26:3E:F2,-54,127,1.0,8.5,1.5
1758855831815,2025-09-26 12:03:51.815,AC:23:3F:26:3E:F1,-76,127,1.0,8.5,1.5
1758855831823,2025-09-26 12:03:51.823,68:9E:19:03:95:F1,-77,127,1.0,8.5,1.5
1758855831837,2025-09-26 12:03:51.837,AC:23:3F:26:3E:F1,-76,127,1.0,8.5,1.5
1758855831846,2025-09-26 12:03:51.846,68:9E:19:03:95:84,-90,127,1.0,8.5,1.5
1758855831854,2025-09-26 12:03:51.854,AC:23:3F:26:3E:F1,-76,127,1.0,8.5,1.5
1758855831936,2025-09-26 12:03:51.936,68:9E:19:03:95:F1,-76,127,1.0,8.5,1.5
1758855831958,2025-09-26 12:03:51.958,68:9E:19:03:95:84,-94,127,1.0,8.5,1.5
1758855832005,2025-09-26 12:03:52.005,AC:23:3F:26:3E:EF,-58,127,1.0,8.5,1.5
1758855832033,2025-09-26 12:03:52.033,AC:23:3F:26:3E:F1,-86,127,1.0,8.5,1.5
1758855832039,2025-09-26 12:03:52.039,68:9E:19:03:95:F1,-76,127,1.0,8.5,1.5
1758855832056,2025-09-26 12:03:52.056,68:9E:19:03:95:84,-93,127,1.0,8.5,1.5
1758855832123,2025-09-26 12:03:52.123,AC:23:3F:26:3E:F2,-63,127,1.0,8.5,1.5
1758855832161,2025-09-26 12:03:52.161,68:9E:19:03:95:84,-90,127,1.0,8.5,1.5
1758855832248,2025-09-26 12:03:52.248,68:9E:19:03:95:F1,-76,127,1.0,8.5,1.5
1758855832275,2025-09-26 12:03:52.275,68:9E:19:03:95:84,-95,127,1.0,8.5,1.5
1758855832374,2025-09-26 12:03:52.374,68:9E:19:03:95:84,-92,127,1.0,8.5,1.5
1758855832456,2025-09-26 12:03:52.456,68:9E:19:03:95:F1,-75,127,1.0,8.5,1.5
1758855832483,2025-09-26 12:03:52.483,68:9E:19:03:95:84,-89,127,1.0,8.5,1.5
1758855832489,2025-09-26 12:03:52.489,AC:23:3F:26:3E:F2,-66,127,1.0,8.5,1.5
1758855832524,2025-09-26 12:03:52.524,AC:23:3F:26:3E:F1,-74,127,1.0,8.5,1.5
1758855832549,2025-09-26 12:03:52.549,AC:23:3F:26:3E:F1,-74,127,1.0,8.5,1.5
1758855832561,2025-09-26 12:03:52.561,68:9E:19:03:95:F1,-76,127,1.0,8.5,1.5
1758855832573,2025-09-26 12:03:52.573,AC:23:3F:26:3E:F1,-74,127,1.0,8.5,1.5
1758855832611,2025-09-26 12:03:52.611,AC:23:3F:26:3E:EF,-58,127,1.0,8.5,1.5
1758855832613,2025-09-26 12:03:52.613,AC:23:3F:26:3E:F2,-54,127,1.0,8.5,1.5
1758855832665,2025-09-26 12:03:52.665,68:9E:19:03:95:F1,-77,127,1.0,8.5,1.5
1758855832694,2025-09-26 12:03:52.694,68:9E:19:03:95:84,-91,127,1.0,8.5,1.5
1758855832802,2025-09-26 12:03:52.802,68:9E:19:03:95:84,-95,127,1.0,8.5,1.5
1758855832809,2025-09-26 12:03:52.809,AC:23:3F:26:3E:F2,-67,127,1.0,8.5,1.5
1758855832874,2025-09-26 12:03:52.874,68:9E:19:03:95:F1,-76,127,1.0,8.5,1.5
1758855832898,2025-09-26 12:03:52.898,68:9E:19:03:95:84,-92,127,1.0,8.5,1.5
1758855832974,2025-09-26 12:03:52.974,68:9E:19:03:95:F1,-77,127,1.0,8.5,1.5
1758855833001,2025-09-26 12:03:53.001,68:9E:19:03:95:84,-89,127,1.0,8.5,1.5
1758855833076,2025-09-26 12:03:53.076,68:9E:19:03:95:F1,-75,127,1.0,8.5,1.5
1758855833188,2025-09-26 12:03:53.188,68:9E:19:03:95:F1,-76,127,1.0,8.5,1.5
1758855833194,2025-09-26 12:03:53.194,AC:23:3F:26:3E:F2,-67,127,1.0,8.5,1.5
1758855833214,2025-09-26 12:03:53.214,AC:23:3F:26:3E:EF,-59,127,1.0,8.5,1.5
1758855833219,2025-09-26 12:03:53.219,68:9E:19:03:95:84,-93,127,1.0,8.5,1.5
1758855833237,2025-09-26 12:03:53.237,AC:23:3F:26:3E:F1,-73,127,1.0,8.5,1.5
1758855833257,2025-09-26 12:03:53.257,AC:23:3F:26:3E:F1,-73,127,1.0,8.5,1.5
1758855833282,2025-09-26 12:03:53.282,AC:23:3F:26:3E:F1,-73,127,1.0,8.5,1.5
1758855833286,2025-09-26 12:03:53.286,68:9E:19:03:95:F1,-77,127,1.0,8.5,1.5
1758855833314,2025-09-26 12:03:53.314,68:9E:19:03:95:84,-89,127,1.0,8.5,1.5
1758855833321,2025-09-26 12:03:53.321,AC:23:3F:26:3E:F2,-63,127,1.0,8.5,1.5
1758855833391,2025-09-26 12:03:53.391,68:9E:19:03:95:F1,-76,127,1.0,8.5,1.5
1758855833415,2025-09-26 12:03:53.415,68:9E:19:03:95:84,-95,127,1.0,8.5,1.5
1758855833501,2025-09-26 12:03:53.501,68:9E:19:03:95:F1,-76,127,1.0,8.5,1.5
1758855833521,2025-09-26 12:03:53.521,AC:23:3F:26:3E:F2,-54,127,1.0,8.5,1.5
1758855833529,2025-09-26 12:03:53.529,68:9E:19:03:95:84,-93,127,1.0,8.5,1.5
1758855833601,2025-09-26 12:03:53.601,68:9E:19:03:95:F1,-75,127,1.0,8.5,1.5
1758855833628,2025-09-26 12:03:53.628,68:9E:19:03:95:84,-90,127,1.0,8.5,1.5
1758855833701,2025-09-26 12:03:53.701,68:9E:19:03:95:F1,-76,127,1.0,8.5,1.5
1758855833806,2025-09-26 12:03:53.806,68:9E:19:03:95:F1,-77,127,1.0,8.5,1.5
1758855833816,2025-09-26 12:03:53.816,AC:23:3F:26:3E:EF,-58,127,1.0,8.5,1.5
1758855833838,2025-09-26 12:03:53.838,68:9E:19:03:95:84,-93,127,1.0,8.5,1.5
1758855833903,2025-09-26 12:03:53.903,AC:23:3F:26:3E:F2,-63,127,1.0,8.5,1.5
1758855833912,2025-09-26 12:03:53.912,68:9E:19:03:95:F1,-75,127,1.0,8.5,1.5
1758855833940,2025-09-26 12:03:53.940,68:9E:19:03:95:84,-89,127,1.0,8.5,1.5
1758855833964,2025-09-26 12:03:53.964,AC:23:3F:26:3E:F1,-75,127,1.0,8.5,1.5
1758855833973,2025-09-26 12:03:53.973,AC:23:3F:26:3E:F1,-75,127,1.0,8.5,1.5
1758855833997,2025-09-26 12:03:53.997,AC:23:3F:26:3E:F1,-74,127,1.0,8.5,1.5
1758855834016,2025-09-26 12:03:54.016,68:9E:19:03:95:F1,-75,127,1.0,8.5,1.5
1758855834036,2025-09-26 12:03:54.036,AC:23:3F:26:3E:F2,-67,127,1.0,8.5,1.5
1758855834122,2025-09-26 12:03:54.122,68:9E:19:03:95:F1,-77,127,1.0,8.5,1.5
1758855834150,2025-09-26 12:03:54.150,68:9E:19:03:95:84,-91,127,1.0,8.5,1.5
1758855834217,2025-09-26 12:03:54.217,AC:23:3F:26:3E:F2,-63,127,1.0,8.5,1.5
1758855834225,2025-09-26 12:03:54.225,68:9E:19:03:95:F1,-75,127,1.0,8.5,1.5
1758855834254,2025-09-26 12:03:54.254,68:9E:19:03:95:84,-90,127,1.0,8.5,1.5
1758855834329,2025-09-26 12:03:54.329,68:9E:19:03:95:F1,-77,127,1.0,8.5,1.5
1758855834364,2025-09-26 12:03:54.364,68:9E:19:03:95:84,-94,127,1.0,8.5,1.5
1758855834427,2025-09-26 12:03:54.427,AC:23:3F:26:3E:EF,-58,127,1.0,8.5,1.5
1758855834432,2025-09-26 12:03:54.432,68:9E:19:03:95:F1,-76,127,1.0,8.5,1.5
1758855834476,2025-09-26 12:03:54.476,68:9E:19:03:95:84,-91,127,1.0,8.5,1.5
1758855834535,2025-09-26 12:03:54.535,68:9E:19:03:95:F1,-73,127,1.0,8.5,1.5
1758855834578,2025-09-26 12:03:54.578,68:9E:19:03:95:84,-91,127,1.0,8.5,1.5
1758855834611,2025-09-26 12:03:54.611,AC:23:3F:26:3E:F2,-67,127,1.0,8.5,1.5
1758855834639,2025-09-26 12:03:54.639,68:9E:19:03:95:F1,-75,127,1.0,8.5,1.5
1758855834662,2025-09-26 12:03:54.662,AC:23:3F:26:3E:F1,-74,127,1.0,8.5,1.5
1758855834679,2025-09-26 12:03:54.679,68:9E:19:03:95:84,-94,127,1.0,8.5,1.5
1758855834683,2025-09-26 12:03:54.683,AC:23:3F:26:3E:F1,-74,127,1.0,8.5,1.5
1758855834707,2025-09-26 12:03:54.707,AC:23:3F:26:3E:F1,-73,127,1.0,8.5,1.5
1758855834743,2025-09-26 12:03:54.743,AC:23:3F:26:3E:F2,-54,127,1.0,8.5,1.5
1758855834761,2025-09-26 12:03:54.761,68:9E:19:03:95:F1,-77,127,1.0,8.5,1.5
1758855834781,2025-09-26 12:03:54.781,68:9E:19:03:95:84,-93,127,1.0,8.5,1.5
1758855834860,2025-09-26 12:03:54.860,68:9E:19:03:95:F1,-75,127,1.0,8.5,1.5
1758855834892,2025-09-26 12:03:54.892,68:9E:19:03:95:84,-90,127,1.0,8.5,1.5
1758855834920,2025-09-26 12:03:54.920,AC:23:3F:26:3E:F2,-67,127,1.0,8.5,1.5
1758855835003,2025-09-26 12:03:55.003,68:9E:19:03:95:84,-92,127,1.0,8.5,1.5
1758855835033,2025-09-26 12:03:55.033,AC:23:3F:26:3E:EF,-58,127,1.0,8.5,1.5
1758855835067,2025-09-26 12:03:55.067,68:9E:19:03:95:F1,-76,127,1.0,8.5,1.5
1758855835173,2025-09-26 12:03:55.173,68:9E:19:03:95:F1,-75,127,1.0,8.5,1.5
1758855835212,2025-09-26 12:03:55.212,68:9E:19:03:95:84,-95,127,1.0,8.5,1.5
1758855835276,2025-09-26 12:03:55.276,68:9E:19:03:95:F1,-76,127,1.0,8.5,1.5
1758855835314,2025-09-26 12:03:55.314,AC:23:3F:26:3E:F2,-54,127,1.0,8.5,1.5
1758855835323,2025-09-26 12:03:55.323,68:9E:19:03:95:84,-92,127,1.0,8.5,1.5
1758855835376,2025-09-26 12:03:55.376,68:9E:19:03:95:F1,-76,127,1.0,8.5,1.5
1758855835381,2025-09-26 12:03:55.381,AC:23:3F:26:3E:F1,-73,127,1.0,8.5,1.5
1758855835403,2025-09-26 12:03:55.403,AC:23:3F:26:3E:F1,-76,127,1.0,8.5,1.5
1758855835413,2025-09-26 12:03:55.413,AC:23:3F:26:3E:F1,-76,127,1.0,8.5,1.5
1758855835451,2025-09-26 12:03:55.451,AC:23:3F:26:3E:F2,-64,127,1.0,8.5,1.5
1758855835481,2025-09-26 12:03:55.481,68:9E:19:03:95:F1,-74,127,1.0,8.5,1.5
1758855835540,2025-09-26 12:03:55.540,68:9E:19:03:95:84,-93,127,1.0,8.5,1.5
1758855835585,2025-09-26 12:03:55.585,68:9E:19:03:95:F1,-75,127,1.0,8.5,1.5
1758855835623,2025-09-26 12:03:55.623,AC:23:3F:26:3E:F2,-55,127,1.0,8.5,1.5
1758855835643,2025-09-26 12:03:55.643,AC:23:3F:26:3E:EF,-59,127,1.0,8.5,1.5
1758855835648,2025-09-26 12:03:55.648,68:9E:19:03:95:84,-93,127,1.0,8.5,1.5
1758855835686,2025-09-26 12:03:55.686,68:9E:19:03:95:F1,-77,127,1.0,8.5,1.5
1758855835749,2025-09-26 12:03:55.749,68:9E:19:03:95:84,-90,127,1.0,8.5,1.5
1758855835786,2025-09-26 12:03:55.786,68:9E:19:03:95:F1,-75,127,1.0,8.5,1.5
1758855835858,2025-09-26 12:03:55.858,68:9E:19:03:95:84,-94,127,1.0,8.5,1.5
1758855835891,2025-09-26 12:03:55.891,68:9E:19:03:95:F1,-76,127,1.0,8.5,1.5
1758855835965,2025-09-26 12:03:55.965,68:9E:19:03:95:84,-93,127,1.0,8.5,1.5
1758855835991,2025-09-26 12:03:55.991,68:9E:19:03:95:F1,-76,127,1.0,8.5,1.5
1758855836023,2025-09-26 12:03:56.023,AC:23:3F:26:3E:F2,-63,127,1.0,8.5,1.5
1758855836068,2025-09-26 12:03:56.068,68:9E:19:03:95:84,-90,127,1.0,8.5,1.5
1758855836133,2025-09-26 12:03:56.133,AC:23:3F:26:3E:F1,-74,127,1.0,8.5,1.5
1758855836161,2025-09-26 12:03:56.161,AC:23:3F:26:3E:F2,-67,127,1.0,8.5,1.5
1758855836203,2025-09-26 12:03:56.203,68:9E:19:03:95:F1,-77,127,1.0,8.5,1.5
1758855836236,2025-09-26 12:03:56.236,AC:23:3F:26:3E:EF,-58,127,1.0,8.5,1.5
1758855836279,2025-09-26 12:03:56.279,68:9E:19:03:95:84,-92,127,1.0,8.5,1.5
1758855836307,2025-09-26 12:03:56.307,68:9E:19:03:95:F1,-74,127,1.0,8.5,1.5
1758855836327,2025-09-26 12:03:56.327,AC:23:3F:26:3E:F2,-66,127,1.0,8.5,1.5
1758855836388,2025-09-26 12:03:56.388,68:9E:19:03:95:84,-92,127,1.0,8.5,1.5
1758855836413,2025-09-26 12:03:56.413,68:9E:19:03:95:F1,-76,127,1.0,8.5,1.5
1758855836492,2025-09-26 12:03:56.492,68:9E:19:03:95:84,-94,127,1.0,8.5,1.5
1758855836526,2025-09-26 12:03:56.526,68:9E:19:03:95:F1,-78,127,1.0,8.5,1.5
1758855836599,2025-09-26 12:03:56.599,68:9E:19:03:95:84,-91,127,1.0,8.5,1.5
1758855836629,2025-09-26 12:03:56.629,68:9E:19:03:95:F1,-75,127,1.0,8.5,1.5
1758855836701,2025-09-26 12:03:56.701,68:9E:19:03:95:84,-92,127,1.0,8.5,1.5
1758855836735,2025-09-26 12:03:56.735,68:9E:19:03:95:F1,-76,127,1.0,8.5,1.5
1758855836741,2025-09-26 12:03:56.741,AC:23:3F:26:3E:F2,-67,127,1.0,8.5,1.5
1758855836842,2025-09-26 12:03:56.842,AC:23:3F:26:3E:EF,-58,127,1.0,8.5,1.5
1758855836848,2025-09-26 12:03:56.848,68:9E:19:03:95:F1,-77,127,1.0,8.5,1.5
1758855836852,2025-09-26 12:03:56.852,AC:23:3F:26:3E:F1,-73,127,1.0,8.5,1.5
1758855836871,2025-09-26 12:03:56.871,AC:23:3F:26:3E:F2,-54,127,1.0,8.5,1.5
1758855836912,2025-09-26 12:03:56.912,68:9E:19:03:95:84,-90,127,1.0,8.5,1.5
1758855836949,2025-09-26 12:03:56.949,68:9E:19:03:95:F1,-75,127,1.0,8.5,1.5
1758855837016,2025-09-26 12:03:57.016,68:9E:19:03:95:84,-94,127,1.0,8.5,1.5
1758855837021,2025-09-26 12:03:57.021,AC:23:3F:26:3E:F2,-75,127,1.0,8.5,1.5
1758855837054,2025-09-26 12:03:57.054,68:9E:19:03:95:F1,-75,127,1.0,8.5,1.5
1758855837127,2025-09-26 12:03:57.127,68:9E:19:03:95:84,-92,127,1.0,8.5,1.5
1758855837161,2025-09-26 12:03:57.161,68:9E:19:03:95:F1,-77,127,1.0,8.5,1.5
1758855837230,2025-09-26 12:03:57.230,68:9E:19:03:95:84,-90,127,1.0,8.5,1.5
1758855837270,2025-09-26 12:03:57.270,68:9E:19:03:95:F1,-75,127,1.0,8.5,1.5
1758855837342,2025-09-26 12:03:57.342,68:9E:19:03:95:84,-92,127,1.0,8.5,1.5
1758855837374,2025-09-26 12:03:57.374,68:9E:19:03:95:F1,-76,127,1.0,8.5,1.5
1758855837448,2025-09-26 12:03:57.448,68:9E:19:03:95:84,-93,127,1.0,8.5,1.5
1758855837475,2025-09-26 12:03:57.475,68:9E:19:03:95:F1,-76,127,1.0,8.5,1.5
1758855837511,2025-09-26 12:03:57.511,AC:23:3F:26:3E:F1,-76,127,1.0,8.5,1.5
1758855837536,2025-09-26 12:03:57.536,AC:23:3F:26:3E:F1,-76,127,1.0,8.5,1.5
1758855837557,2025-09-26 12:03:57.557,68:9E:19:03:95:84,-91,127,1.0,8.5,1.5
1758855837562,2025-09-26 12:03:57.562,AC:23:3F:26:3E:F1,-77,127,1.0,8.5,1.5
1758855837583,2025-09-26 12:03:57.583,AC:23:3F:26:3E:F2,-63,127,1.0,8.5,1.5
1758855837635,2025-09-26 12:03:57.635,AC:23:3F:26:3E:F2,-81,127,1.0,8.5,1.5
1758855837687,2025-09-26 12:03:57.687,68:9E:19:03:95:F1,-76,127,1.0,8.5,1.5
1758855837726,2025-09-26 12:03:57.726,AC:23:3F:26:3E:F2,-54,127,1.0,8.5,1.5
1758855837766,2025-09-26 12:03:57.766,68:9E:19:03:95:84,-92,127,1.0,8.5,1.5
1758855837793,2025-09-26 12:03:57.793,68:9E:19:03:95:F1,-77,127,1.0,8.5,1.5
1758855837870,2025-09-26 12:03:57.870,68:9E:19:03:95:84,-91,127,1.0,8.5,1.5
1758855837974,2025-09-26 12:03:57.974,68:9E:19:03:95:84,-94,127,1.0,8.5,1.5
1758855837988,2025-09-26 12:03:57.988,68:9E:19:03:95:F1,-76,127,1.0,8.5,1.5
1758855838052,2025-09-26 12:03:58.052,AC:23:3F:26:3E:EF,-58,127,1.0,8.5,1.5
1758855838076,2025-09-26 12:03:58.076,68:9E:19:03:95:84,-92,127,1.0,8.5,1.5
1758855838151,2025-09-26 12:03:58.151,AC:23:3F:26:3E:F2,-63,127,1.0,8.5,1.5
1758855838175,2025-09-26 12:03:58.175,68:9E:19:03:95:84,-90,127,1.0,8.5,1.5
1758855838200,2025-09-26 12:03:58.200,68:9E:19:03:95:F1,-76,127,1.0,8.5,1.5
1758855838231,2025-09-26 12:03:58.231,AC:23:3F:26:3E:F1,-74,127,1.0,8.5,1.5
1758855838254,2025-09-26 12:03:58.254,AC:23:3F:26:3E:F1,-74,127,1.0,8.5,1.5
1758855838301,2025-09-26 12:03:58.301,AC:23:3F:26:3E:F2,-54,127,1.0,8.5,1.5
1758855838306,2025-09-26 12:03:58.306,68:9E:19:03:95:F1,-77,127,1.0,8.5,1.5
1758855838390,2025-09-26 12:03:58.390,68:9E:19:03:95:84,-91,127,1.0,8.5,1.5
1758855838402,2025-09-26 12:03:58.402,68:9E:19:03:95:F1,-75,127,1.0,8.5,1.5
1758855838425,2025-09-26 12:03:58.425,AC:23:3F:26:3E:F2,-63,127,1.0,8.5,1.5
1758855838491,2025-09-26 12:03:58.491,68:9E:19:03:95:84,-88,127,1.0,8.5,1.5
1758855838518,2025-09-26 12:03:58.518,68:9E:19:03:95:F1,-75,127,1.0,8.5,1.5
1758855838599,2025-09-26 12:03:58.599,68:9E:19:03:95:84,-92,127,1.0,8.5,1.5
1758855838627,2025-09-26 12:03:58.627,68:9E:19:03:95:F1,-76,127,1.0,8.5,1.5
1758855838704,2025-09-26 12:03:58.704,68:9E:19:03:95:84,-90,127,1.0,8.5,1.5
1758855838724,2025-09-26 12:03:58.724,68:9E:19:03:95:F1,-75,127,1.0,8.5,1.5
1758855838808,2025-09-26 12:03:58.808,68:9E:19:03:95:84,-92,127,1.0,8.5,1.5
1758855838832,2025-09-26 12:03:58.832,68:9E:19:03:95:F1,-76,127,1.0,8.5,1.5
1758855838847,2025-09-26 12:03:58.847,AC:23:3F:26:3E:EF,-58,127,1.0,8.5,1.5
1758855838867,2025-09-26 12:03:58.867,AC:23:3F:26:3E:EF,-59,127,1.0,8.5,1.5
1758855838909,2025-09-26 12:03:58.909,68:9E:19:03:95:84,-92,127,1.0,8.5,1.5
1758855838940,2025-09-26 12:03:58.940,68:9E:19:03:95:F1,-77,127,1.0,8.5,1.5
1758855838946,2025-09-26 12:03:58.946,AC:23:3F:26:3E:F1,-73,127,1.0,8.5,1.5
1758855838963,2025-09-26 12:03:58.963,AC:23:3F:26:3E:F1,-73,127,1.0,8.5,1.5
1758855838989,2025-09-26 12:03:58.989,AC:23:3F:26:3E:F1,-73,127,1.0,8.5,1.5
1758855839004,2025-09-26 12:03:59.004,AC:23:3F:26:3E:F2,-63,127,1.0,8.5,1.5
1758855839017,2025-09-26 12:03:59.017,68:9E:19:03:95:84,-90,127,1.0,8.5,1.5
1758855839046,2025-09-26 12:03:59.046,68:9E:19:03:95:F1,-75,127,1.0,8.5,1.5
1758855839122,2025-09-26 12:03:59.122,68:9E:19:03:95:84,-93,127,1.0,8.5,1.5
1758855839127,2025-09-26 12:03:59.127,AC:23:3F:26:3E:F2,-67,127,1.0,8.5,1.5
1758855839148,2025-09-26 12:03:59.148,68:9E:19:03:95:F1,-75,127,1.0,8.5,1.5
1758855839229,2025-09-26 12:03:59.229,68:9E:19:03:95:84,-93,127,1.0,8.5,1.5
1758855839248,2025-09-26 12:03:59.248,68:9E:19:03:95:F1,-77,127,1.0,8.5,1.5
1758855839332,2025-09-26 12:03:59.332,68:9E:19:03:95:84,-90,127,1.0,8.5,1.5
1758855839357,2025-09-26 12:03:59.357,68:9E:19:03:95:F1,-75,127,1.0,8.5,1.5
1758855839434,2025-09-26 12:03:59.434,68:9E:19:03:95:84,-94,127,1.0,8.5,1.5
1758855839459,2025-09-26 12:03:59.459,68:9E:19:03:95:F1,-75,127,1.0,8.5,1.5
1758855839543,2025-09-26 12:03:59.543,68:9E:19:03:95:84,-92,127,1.0,8.5,1.5
1758855839567,2025-09-26 12:03:59.567,68:9E:19:03:95:F1,-76,127,1.0,8.5,1.5
1758855839571,2025-09-26 12:03:59.571,AC:23:3F:26:3E:F2,-54,127,1.0,8.5,1.5
1758855839655,2025-09-26 12:03:59.655,AC:23:3F:26:3E:F1,-76,127,1.0,8.5,1.5
1758855839668,2025-09-26 12:03:59.668,68:9E:19:03:95:F1,-75,127,1.0,8.5,1.5
1758855839682,2025-09-26 12:03:59.682,AC:23:3F:26:3E:F1,-76,127,1.0,8.5,1.5
1758855839700,2025-09-26 12:03:59.700,AC:23:3F:26:3E:F1,-74,127,1.0,8.5,1.5
1758855839708,2025-09-26 12:03:59.708,AC:23:3F:26:3E:F2,-67,127,1.0,8.5,1.5
1758855839776,2025-09-26 12:03:59.776,68:9E:19:03:95:F1,-76,127,1.0,8.5,1.5
1758855839827,2025-09-26 12:03:59.827,AC:23:3F:26:3E:F2,-54,127,1.0,8.5,1.5
1758855839859,2025-09-26 12:03:59.859,68:9E:19:03:95:84,-94,127,1.0,8.5,1.5
1758855839879,2025-09-26 12:03:59.879,68:9E:19:03:95:F1,-77,127,1.0,8.5,1.5
1758855839970,2025-09-26 12:03:59.970,68:9E:19:03:95:84,-89,127,1.0,8.5,1.5
1758855839977,2025-09-26 12:03:59.977,68:9E:19:03:95:F1,-75,127,1.0,8.5,1.5
1758855840074,2025-09-26 12:04:00.074,68:9E:19:03:95:84,-94,127,1.0,8.5,1.5
1758855840082,2025-09-26 12:04:00.082,68:9E:19:03:95:F1,-76,127,1.0,8.5,1.5
1758855840178,2025-09-26 12:04:00.178,68:9E:19:03:95:84,-92,127,1.0,8.5,1.5
1758855840187,2025-09-26 12:04:00.187,68:9E:19:03:95:F1,-76,127,1.0,8.5,1.5
1758855840254,2025-09-26 12:04:00.254,AC:23:3F:26:3E:EF,-67,127,1.0,8.5,1.5
1758855840284,2025-09-26 12:04:00.284,AC:23:3F:26:3E:F2,-66,127,1.0,8.5,1.5
1758855840288,2025-09-26 12:04:00.288,68:9E:19:03:95:84,-89,127,1.0,8.5,1.5
1758855840292,2025-09-26 12:04:00.292,68:9E:19:03:95:F1,-75,127,1.0,8.5,1.5
1758855840368,2025-09-26 12:04:00.368,AC:23:3F:26:3E:F1,-74,127,1.0,8.5,1.5
1758855840389,2025-09-26 12:04:00.389,68:9E:19:03:95:84,-92,127,1.0,8.5,1.5
1758855840393,2025-09-26 12:04:00.393,AC:23:3F:26:3E:F1,-74,127,1.0,8.5,1.5
1758855840396,2025-09-26 12:04:00.396,68:9E:19:03:95:F1,-77,127,1.0,8.5,1.5
1758855840416,2025-09-26 12:04:00.416,AC:23:3F:26:3E:F1,-73,127,1.0,8.5,1.5
1758855840420,2025-09-26 12:04:00.420,AC:23:3F:26:3E:F2,-54,127,1.0,8.5,1.5
1758855840501,2025-09-26 12:04:00.501,68:9E:19:03:95:F1,-75,127,1.0,8.5,1.5
1758855840528,2025-09-26 12:04:00.528,AC:23:3F:26:3E:F2,-63,127,1.0,8.5,1.5
1758855840603,2025-09-26 12:04:00.603,68:9E:19:03:95:F1,-75,127,1.0,8.5,1.5
1758855840610,2025-09-26 12:04:00.610,68:9E:19:03:95:84,-94,127,1.0,8.5,1.5
1758855840711,2025-09-26 12:04:00.711,68:9E:19:03:95:84,-94,127,1.0,8.5,1.5
1758855840819,2025-09-26 12:04:00.819,68:9E:19:03:95:F1,-75,127,1.0,8.5,1.5
1758855840825,2025-09-26 12:04:00.825,68:9E:19:03:95:84,-90,127,1.0,8.5,1.5
1758855840861,2025-09-26 12:04:00.861,AC:23:3F:26:3E:EF,-67,127,1.0,8.5,1.5
1758855840920,2025-09-26 12:04:00.920,68:9E:19:03:95:F1,-76,127,1.0,8.5,1.5
1758855840997,2025-09-26 12:04:00.997,AC:23:3F:26:3E:F2,-67,127,1.0,8.5,1.5
1758855841023,2025-09-26 12:04:01.023,68:9E:19:03:95:F1,-77,127,1.0,8.5,1.5
1758855841029,2025-09-26 12:04:01.029,68:9E:19:03:95:84,-92,127,1.0,8.5,1.5
1758855841080,2025-09-26 12:04:01.080,AC:23:3F:26:3E:F1,-73,127,1.0,8.5,1.5
1758855841105,2025-09-26 12:04:01.105,AC:23:3F:26:3E:F1,-75,127,1.0,8.5,1.5
1758855841129,2025-09-26 12:04:01.129,AC:23:3F:26:3E:F1,-76,127,1.0,8.5,1.5
1758855841132,2025-09-26 12:04:01.132,68:9E:19:03:95:F1,-74,127,1.0,8.5,1.5
1758855841134,2025-09-26 12:04:01.134,AC:23:3F:26:3E:F2,-66,127,1.0,8.5,1.5
1758855841227,2025-09-26 12:04:01.227,AC:23:3F:26:3E:F2,-68,127,1.0,8.5,1.5
1758855841233,2025-09-26 12:04:01.233,68:9E:19:03:95:F1,-75,127,1.0,8.5,1.5
1758855841348,2025-09-26 12:04:01.348,68:9E:19:03:95:F1,-75,127,1.0,8.5,1.5
1758855841353,2025-09-26 12:04:01.353,68:9E:19:03:95:84,-92,127,1.0,8.5,1.5
1758855841447,2025-09-26 12:04:01.447,68:9E:19:03:95:F1,-75,127,1.0,8.5,1.5
1758855841469,2025-09-26 12:04:01.469,AC:23:3F:26:3E:EF,-67,127,1.0,8.5,1.5
1758855841557,2025-09-26 12:04:01.557,68:9E:19:03:95:F1,-76,127,1.0,8.5,1.5
1758855841561,2025-09-26 12:04:01.561,68:9E:19:03:95:84,-92,127,1.0,8.5,1.5
1758855841629,2025-09-26 12:04:01.629,AC:23:3F:26:3E:F2,-66,127,1.0,8.5,1.5
1758855841656,2025-09-26 12:04:01.656,68:9E:19:03:95:F1,-77,127,1.0,8.5,1.5
1758855841705,2025-09-26 12:04:01.705,AC:23:3F:26:3E:F2,-63,127,1.0,8.5,1.5
1758855841756,2025-09-26 12:04:01.756,68:9E:19:03:95:F1,-75,127,1.0,8.5,1.5
1758855841765,2025-09-26 12:04:01.765,68:9E:19:03:95:84,-91,127,1.0,8.5,1.5
1758855841802,2025-09-26 12:04:01.802,AC:23:3F:26:3E:F1,-73,127,1.0,8.5,1.5
1758855841820,2025-09-26 12:04:01.820,AC:23:3F:26:3E:F1,-75,127,1.0,8.5,1.5
1758855841846,2025-09-26 12:04:01.846,AC:23:3F:26:3E:F1,-74,127,1.0,8.5,1.5
1758855841850,2025-09-26 12:04:01.850,AC:23:3F:26:3E:F2,-75,127,1.0,8.5,1.5
1758855841870,2025-09-26 12:04:01.870,68:9E:19:03:95:F1,-75,127,1.0,8.5,1.5
1758855841927,2025-09-26 12:04:01.927,AC:23:3F:26:3E:F2,-54,127,1.0,8.5,1.5
1758855841968,2025-09-26 12:04:01.968,68:9E:19:03:95:F1,-77,127,1.0,8.5,1.5
1758855841973,2025-09-26 12:04:01.973,68:9E:19:03:95:84,-92,127,1.0,8.5,1.5
1758855842069,2025-09-26 12:04:02.069,68:9E:19:03:95:F1,-75,127,1.0,8.5,1.5
1758855842074,2025-09-26 12:04:02.074,AC:23:3F:26:3E:EF,-67,127,1.0,8.5,1.5
1758855842079,2025-09-26 12:04:02.079,68:9E:19:03:95:84,-90,127,1.0,8.5,1.5
1758855842180,2025-09-26 12:04:02.180,68:9E:19:03:95:F1,-76,127,1.0,8.5,1.5
1758855842287,2025-09-26 12:04:02.287,68:9E:19:03:95:F1,-77,127,1.0,8.5,1.5
1758855842390,2025-09-26 12:04:02.390,68:9E:19:03:95:84,-91,127,1.0,8.5,1.5
1758855842395,2025-09-26 12:04:02.395,68:9E:19:03:95:F1,-75,127,1.0,8.5,1.5
1758855842410,2025-09-26 12:04:02.410,AC:23:3F:26:3E:F2,-67,127,1.0,8.5,1.5
1758855842503,2025-09-26 12:04:02.503,68:9E:19:03:95:F1,-77,127,1.0,8.5,1.5
1758855842509,2025-09-26 12:04:02.509,AC:23:3F:26:3E:F1,-73,127,1.0,8.5,1.5
1758855842530,2025-09-26 12:04:02.530,AC:23:3F:26:3E:F1,-73,127,1.0,8.5,1.5
1758855842554,2025-09-26 12:04:02.554,AC:23:3F:26:3E:F1,-73,127,1.0,8.5,1.5
1758855842558,2025-09-26 12:04:02.558,AC:23:3F:26:3E:F2,-54,127,1.0,8.5,1.5
1758855842633,2025-09-26 12:04:02.633,AC:23:3F:26:3E:F2,-67,127,1.0,8.5,1.5
1758855842676,2025-09-26 12:04:02.676,AC:23:3F:26:3E:EF,-68,127,1.0,8.5,1.5
1758855842708,2025-09-26 12:04:02.708,68:9E:19:03:95:F1,-75,127,1.0,8.5,1.5
1758855842817,2025-09-26 12:04:02.817,68:9E:19:03:95:84,-92,127,1.0,8.5,1.5
1758855842819,2025-09-26 12:04:02.819,68:9E:19:03:95:F1,-77,127,1.0,8.5,1.5
1758855842914,2025-09-26 12:04:02.914,68:9E:19:03:95:84,-89,127,1.0,8.5,1.5
1758855842920,2025-09-26 12:04:02.920,68:9E:19:03:95:F1,-74,127,1.0,8.5,1.5
1758855843121,2025-09-26 12:04:03.121,AC:23:3F:26:3E:F2,-54,127,1.0,8.5,1.5
1758855843126,2025-09-26 12:04:03.126,68:9E:19:03:95:F1,-78,127,1.0,8.5,1.5
1758855843132,2025-09-26 12:04:03.132,68:9E:19:03:95:84,-93,127,1.0,8.5,1.5
1758855843222,2025-09-26 12:04:03.222,AC:23:3F:26:3E:F1,-76,127,1.0,8.5,1.5
1758855843227,2025-09-26 12:04:03.227,68:9E:19:03:95:F1,-75,127,1.0,8.5,1.5
1758855843241,2025-09-26 12:04:03.241,AC:23:3F:26:3E:F1,-76,127,1.0,8.5,1.5
1758855843255,2025-09-26 12:04:03.255,AC:23:3F:26:3E:F1,-76,127,1.0,8.5,1.5
1758855843264,2025-09-26 12:04:03.264,AC:23:3F:26:3E:F2,-63,127,1.0,8.5,1.5
1758855843282,2025-09-26 12:04:03.282,AC:23:3F:26:3E:EF,-67,127,1.0,8.5,1.5
1758855843329,2025-09-26 12:04:03.329,AC:23:3F:26:3E:F2,-67,127,1.0,8.5,1.5
1758855843355,2025-09-26 12:04:03.355,68:9E:19:03:95:84,-94,127,1.0,8.5,1.5
1758855843440,2025-09-26 12:04:03.440,68:9E:19:03:95:F1,-77,127,1.0,8.5,1.5
1758855843449,2025-09-26 12:04:03.449,68:9E:19:03:95:84,-94,127,1.0,8.5,1.5
1758855843538,2025-09-26 12:04:03.538,68:9E:19:03:95:F1,-75,127,1.0,8.5,1.5
1758855843560,2025-09-26 12:04:03.560,68:9E:19:03:95:84,-88,127,1.0,8.5,1.5
1758855843746,2025-09-26 12:04:03.746,68:9E:19:03:95:F1,-77,127,1.0,8.5,1.5
1758855843756,2025-09-26 12:04:03.756,68:9E:19:03:95:84,-92,127,1.0,8.5,1.5
1758855843827,2025-09-26 12:04:03.827,AC:23:3F:26:3E:F2,-64,127,1.0,8.5,1.5
1758855843853,2025-09-26 12:04:03.853,68:9E:19:03:95:F1,-74,127,1.0,8.5,1.5
1758855843859,2025-09-26 12:04:03.859,68:9E:19:03:95:84,-89,127,1.0,8.5,1.5
1758855843884,2025-09-26 12:04:03.884,AC:23:3F:26:3E:EF,-69,127,1.0,8.5,1.5
1758855843933,2025-09-26 12:04:03.933,AC:23:3F:26:3E:F1,-74,127,1.0,8.5,1.5
1758855843962,2025-09-26 12:04:03.962,AC:23:3F:26:3E:F1,-74,127,1.0,8.5,1.5
1758855843968,2025-09-26 12:04:03.968,68:9E:19:03:95:F1,-75,127,1.0,8.5,1.5
1758855843974,2025-09-26 12:04:03.974,AC:23:3F:26:3E:F1,-74,127,1.0,8.5,1.5
1758855844030,2025-09-26 12:04:04.030,AC:23:3F:26:3E:F2,-54,127,1.0,8.5,1.5
1758855844066,2025-09-26 12:04:04.066,68:9E:19:03:95:F1,-78,127,1.0,8.5,1.5
1758855844083,2025-09-26 12:04:04.083,68:9E:19:03:95:84,-91,127,1.0,8.5,1.5
1758855844087,2025-09-26 12:04:04.087,AC:23:3F:26:3E:F1,-86,127,1.0,8.5,1.5
1758855844169,2025-09-26 12:04:04.169,68:9E:19:03:95:F1,-74,127,1.0,8.5,1.5
1758855844275,2025-09-26 12:04:04.275,68:9E:19:03:95:F1,-74,127,1.0,8.5,1.5
1758855844283,2025-09-26 12:04:04.283,68:9E:19:03:95:84,-93,127,1.0,8.5,1.5
1758855844372,2025-09-26 12:04:04.372,68:9E:19:03:95:F1,-77,127,1.0,8.5,1.5
1758855844392,2025-09-26 12:04:04.392,68:9E:19:03:95:84,-89,127,1.0,8.5,1.5
1758855844477,2025-09-26 12:04:04.477,68:9E:19:03:95:F1,-74,127,1.0,8.5,1.5
1758855844535,2025-09-26 12:04:04.535,AC:23:3F:26:3E:F2,-68,127,1.0,8.5,1.5
1758855844587,2025-09-26 12:04:04.587,68:9E:19:03:95:F1,-76,127,1.0,8.5,1.5
1758855844647,2025-09-26 12:04:04.647,AC:23:3F:26:3E:F1,-74,127,1.0,8.5,1.5
1758855844662,2025-09-26 12:04:04.662,AC:23:3F:26:3E:F1,-74,127,1.0,8.5,1.5
1758855844687,2025-09-26 12:04:04.687,AC:23:3F:26:3E:F1,-74,127,1.0,8.5,1.5
1758855844729,2025-09-26 12:04:04.729,AC:23:3F:26:3E:F2,-67,127,1.0,8.5,1.5
1758855844797,2025-09-26 12:04:04.797,68:9E:19:03:95:F1,-75,127,1.0,8.5,1.5
1758855844802,2025-09-26 12:04:04.802,68:9E:19:03:95:84,-92,127,1.0,8.5,1.5
1758855844908,2025-09-26 12:04:04.908,68:9E:19:03:95:F1,-77,127,1.0,8.5,1.5
1758855845009,2025-09-26 12:04:05.009,68:9E:19:03:95:F1,-76,127,1.0,8.5,1.5
1758855845015,2025-09-26 12:04:05.015,68:9E:19:03:95:84,-90,127,1.0,8.5,1.5
1758855845101,2025-09-26 12:04:05.101,AC:23:3F:26:3E:EF,-63,127,1.0,8.5,1.5
1758855845111,2025-09-26 12:04:05.111,68:9E:19:03:95:F1,-78,127,1.0,8.5,1.5
1758855845224,2025-09-26 12:04:05.224,68:9E:19:03:95:F1,-77,127,1.0,8.5,1.5
1758855845252,2025-09-26 12:04:05.252,AC:23:3F:26:3E:F2,-54,127,1.0,8.5,1.5
1758855845320,2025-09-26 12:04:05.320,68:9E:19:03:95:F1,-76,127,1.0,8.5,1.5
1758855845354,2025-09-26 12:04:05.354,AC:23:3F:26:3E:F1,-75,127,1.0,8.5,1.5
1758855845375,2025-09-26 12:04:05.375,AC:23:3F:26:3E:F1,-75,127,1.0,8.5,1.5
1758855845425,2025-09-26 12:04:05.425,68:9E:19:03:95:F1,-76,127,1.0,8.5,1.5
1758855845435,2025-09-26 12:04:05.435,AC:23:3F:26:3E:F2,-74,127,1.0,8.5,1.5
1758855845529,2025-09-26 12:04:05.529,68:9E:19:03:95:F1,-78,127,1.0,8.5,1.5
1758855845551,2025-09-26 12:04:05.551,68:9E:19:03:95:84,-90,127,1.0,8.5,1.5
1758855845632,2025-09-26 12:04:05.632,AC:23:3F:26:3E:F2,-76,127,1.0,8.5,1.5
1758855845642,2025-09-26 12:04:05.642,68:9E:19:03:95:84,-89,127,1.0,8.5,1.5
1758855845704,2025-09-26 12:04:05.704,AC:23:3F:26:3E:EF,-63,127,1.0,8.5,1.5
1758855845738,2025-09-26 12:04:05.738,68:9E:19:03:95:F1,-77,127,1.0,8.5,1.5
1758855845846,2025-09-26 12:04:05.846,68:9E:19:03:95:F1,-78,127,1.0,8.5,1.5
1758855845866,2025-09-26 12:04:05.866,68:9E:19:03:95:84,-92,127,1.0,8.5,1.5
1758855845953,2025-09-26 12:04:05.953,68:9E:19:03:95:F1,-76,127,1.0,8.5,1.5
1758855845958,2025-09-26 12:04:05.958,AC:23:3F:26:3E:F2,-64,127,1.0,8.5,1.5
1758855845962,2025-09-26 12:04:05.962,68:9E:19:03:95:84,-88,127,1.0,8.5,1.5
1758855846061,2025-09-26 12:04:06.061,68:9E:19:03:95:F1,-78,127,1.0,8.5,1.5
1758855846085,2025-09-26 12:04:06.085,AC:23:3F:26:3E:F1,-74,127,1.0,8.5,1.5
1758855846100,2025-09-26 12:04:06.100,AC:23:3F:26:3E:F2,-54,127,1.0,8.5,1.5
1758855846112,2025-09-26 12:04:06.112,AC:23:3F:26:3E:F1,-73,127,1.0,8.5,1.5
1758855846131,2025-09-26 12:04:06.131,AC:23:3F:26:3E:F2,-54,127,1.0,8.5,1.5
1758855846172,2025-09-26 12:04:06.172,68:9E:19:03:95:F1,-78,127,1.0,8.5,1.5
1758855846179,2025-09-26 12:04:06.179,68:9E:19:03:95:84,-91,127,1.0,8.5,1.5
1758855846276,2025-09-26 12:04:06.276,68:9E:19:03:95:F1,-75,127,1.0,8.5,1.5
1758855846302,2025-09-26 12:04:06.302,AC:23:3F:26:3E:EF,-63,127,1.0,8.5,1.5
1758855846383,2025-09-26 12:04:06.383,68:9E:19:03:95:F1,-77,127,1.0,8.5,1.5
1758855846390,2025-09-26 12:04:06.390,68:9E:19:03:95:84,-95,127,1.0,8.5,1.5
1758855846484,2025-09-26 12:04:06.484,68:9E:19:03:95:F1,-78,127,1.0,8.5,1.5
1758855846506,2025-09-26 12:04:06.506,68:9E:19:03:95:84,-89,127,1.0,8.5,1.5
1758855846583,2025-09-26 12:04:06.583,68:9E:19:03:95:F1,-76,127,1.0,8.5,1.5
1758855846661,2025-09-26 12:04:06.661,AC:23:3F:26:3E:F2,-66,127,1.0,8.5,1.5
1758855846685,2025-09-26 12:04:06.685,68:9E:19:03:95:F1,-77,127,1.0,8.5,1.5
1758855846784,2025-09-26 12:04:06.784,AC:23:3F:26:3E:F1,-73,127,1.0,8.5,1.5
1758855846794,2025-09-26 12:04:06.794,68:9E:19:03:95:F1,-78,127,1.0,8.5,1.5
1758855846810,2025-09-26 12:04:06.810,AC:23:3F:26:3E:F1,-76,127,1.0,8.5,1.5
1758855846820,2025-09-26 12:04:06.820,AC:23:3F:26:3E:F2,-64,127,1.0,8.5,1.5
1758855846822,2025-09-26 12:04:06.822,68:9E:19:03:95:84,-89,127,1.0,8.5,1.5
1758855846828,2025-09-26 12:04:06.828,AC:23:3F:26:3E:F1,-76,127,1.0,8.5,1.5
1758855846835,2025-09-26 12:04:06.835,AC:23:3F:26:3E:F2,-64,127,1.0,8.5,1.5
1758855846902,2025-09-26 12:04:06.902,68:9E:19:03:95:F1,-78,127,1.0,8.5,1.5
1758855846912,2025-09-26 12:04:06.912,AC:23:3F:26:3E:EF,-63,127,1.0,8.5,1.5
1758855847012,2025-09-26 12:04:07.012,68:9E:19:03:95:F1,-78,127,1.0,8.5,1.5
1758855847028,2025-09-26 12:04:07.028,68:9E:19:03:95:84,-92,127,1.0,8.5,1.5
1758855847110,2025-09-26 12:04:07.110,68:9E:19:03:95:F1,-75,127,1.0,8.5,1.5
1758855847130,2025-09-26 12:04:07.130,68:9E:19:03:95:84,-88,127,1.0,8.5,1.5
1758855847215,2025-09-26 12:04:07.215,68:9E:19:03:95:F1,-78,127,1.0,8.5,1.5
1758855847323,2025-09-26 12:04:07.323,68:9E:19:03:95:F1,-77,127,1.0,8.5,1.5
1758855847328,2025-09-26 12:04:07.328,68:9E:19:03:95:84,-92,127,1.0,8.5,1.5
1758855847378,2025-09-26 12:04:07.378,AC:23:3F:26:3E:F2,-54,127,1.0,8.5,1.5
1758855847424,2025-09-26 12:04:07.424,68:9E:19:03:95:F1,-76,127,1.0,8.5,1.5
1758855847429,2025-09-26 12:04:07.429,68:9E:19:03:95:84,-89,127,1.0,8.5,1.5
1758855847498,2025-09-26 12:04:07.498,AC:23:3F:26:3E:F1,-74,127,1.0,8.5,1.5
1758855847524,2025-09-26 12:04:07.524,AC:23:3F:26:3E:F1,-74,127,1.0,8.5,1.5
1758855847529,2025-09-26 12:04:07.529,AC:23:3F:26:3E:F2,-74,127,1.0,8.5,1.5
1758855847532,2025-09-26 12:04:07.532,AC:23:3F:26:3E:EF,-63,127,1.0,8.5,1.5
1758855847536,2025-09-26 12:04:07.536,68:9E:19:03:95:F1,-76,127,1.0,8.5,1.5
1758855847538,2025-09-26 12:04:07.538,AC:23:3F:26:3E:F2,-72,127,1.0,8.5,1.5
1758855847540,2025-09-26 12:04:07.540,AC:23:3F:26:3E:F1,-74,127,1.0,8.5,1.5
1758855847630,2025-09-26 12:04:07.630,68:9E:19:03:95:F1,-77,127,1.0,8.5,1.5
1758855847736,2025-09-26 12:04:07.736,68:9E:19:03:95:F1,-75,127,1.0,8.5,1.5
1758855847837,2025-09-26 12:04:07.837,68:9E:19:03:95:F1,-78,127,1.0,8.5,1.5
1758855847940,2025-09-26 12:04:07.940,68:9E:19:03:95:F1,-77,127,1.0,8.5,1.5
1758855847949,2025-09-26 12:04:07.949,68:9E:19:03:95:84,-91,127,1.0,8.5,1.5
1758855848046,2025-09-26 12:04:08.046,68:9E:19:03:95:F1,-75,127,1.0,8.5,1.5
1758855848060,2025-09-26 12:04:08.060,68:9E:19:03:95:84,-88,127,1.0,8.5,1.5
1758855848121,2025-09-26 12:04:08.121,AC:23:3F:26:3E:EF,-63,127,1.0,8.5,1.5
1758855848153,2025-09-26 12:04:08.153,68:9E:19:03:95:F1,-78,127,1.0,8.5,1.5
1758855848218,2025-09-26 12:04:08.218,AC:23:3F:26:3E:F1,-73,127,1.0,8.5,1.5
1758855848237,2025-09-26 12:04:08.237,AC:23:3F:26:3E:F1,-73,127,1.0,8.5,1.5
1758855848242,2025-09-26 12:04:08.242,AC:23:3F:26:3E:F2,-54,127,1.0,8.5,1.5
1758855848251,2025-09-26 12:04:08.251,AC:23:3F:26:3E:F1,-73,127,1.0,8.5,1.5
1758855848263,2025-09-26 12:04:08.263,AC:23:3F:26:3E:F2,-54,127,1.0,8.5,1.5
1758855848266,2025-09-26 12:04:08.266,68:9E:19:03:95:F1,-77,127,1.0,8.5,1.5
1758855848268,2025-09-26 12:04:08.268,68:9E:19:03:95:84,-91,127,1.0,8.5,1.5
1758855848368,2025-09-26 12:04:08.368,68:9E:19:03:95:F1,-75,127,1.0,8.5,1.5
1758855848373,2025-09-26 12:04:08.373,68:9E:19:03:95:84,-87,127,1.0,8.5,1.5
1758855848478,2025-09-26 12:04:08.478,68:9E:19:03:95:F1,-76,127,1.0,8.5,1.5
1758855848581,2025-09-26 12:04:08.581,68:9E:19:03:95:F1,-77,127,1.0,8.5,1.5
1758855848686,2025-09-26 12:04:08.686,68:9E:19:03:95:F1,-75,127,1.0,8.5,1.5
1758855848691,2025-09-26 12:04:08.691,68:9E:19:03:95:84,-87,127,1.0,8.5,1.5
1758855848726,2025-09-26 12:04:08.726,AC:23:3F:26:3E:EF,-63,127,1.0,8.5,1.5
1758855848795,2025-09-26 12:04:08.795,68:9E:19:03:95:F1,-76,127,1.0,8.5,1.5
1758855848904,2025-09-26 12:04:08.904,68:9E:19:03:95:F1,-75,127,1.0,8.5,1.5
1758855848931,2025-09-26 12:04:08.931,AC:23:3F:26:3E:F1,-75,127,1.0,8.5,1.5
1758855848938,2025-09-26 12:04:08.938,AC:23:3F:26:3E:F2,-66,127,1.0,8.5,1.5
1758855848943,2025-09-26 12:04:08.943,AC:23:3F:26:3E:F1,-75,127,1.0,8.5,1.5
1758855848962,2025-09-26 12:04:08.962,AC:23:3F:26:3E:F2,-66,127,1.0,8.5,1.5
1758855849004,2025-09-26 12:04:09.004,68:9E:19:03:95:F1,-76,127,1.0,8.5,1.5
1758855849112,2025-09-26 12:04:09.112,68:9E:19:03:95:F1,-78,127,1.0,8.5,1.5
1758855849216,2025-09-26 12:04:09.216,68:9E:19:03:95:F1,-76,127,1.0,8.5,1.5
1758855849320,2025-09-26 12:04:09.320,68:9E:19:03:95:F1,-78,127,1.0,8.5,1.5
1758855849522,2025-09-26 12:04:09.522,68:9E:19:03:95:F1,-76,127,1.0,8.5,1.5
1758855849623,2025-09-26 12:04:09.623,68:9E:19:03:95:F1,-78,127,1.0,8.5,1.5
1758855849660,2025-09-26 12:04:09.660,AC:23:3F:26:3E:F1,-74,127,1.0,8.5,1.5
1758855849665,2025-09-26 12:04:09.665,AC:23:3F:26:3E:F2,-66,127,1.0,8.5,1.5
1758855849684,2025-09-26 12:04:09.684,AC:23:3F:26:3E:F2,-66,127,1.0,8.5,1.5
1758855849688,2025-09-26 12:04:09.688,AC:23:3F:26:3E:F1,-74,127,1.0,8.5,1.5
1758855849725,2025-09-26 12:04:09.725,68:9E:19:03:95:F1,-77,127,1.0,8.5,1.5
1758855849746,2025-09-26 12:04:09.746,68:9E:19:03:95:84,-91,127,1.0,8.5,1.5
1758855849830,2025-09-26 12:04:09.830,68:9E:19:03:95:F1,-75,127,1.0,8.5,1.5
1758855849851,2025-09-26 12:04:09.851,68:9E:19:03:95:84,-88,127,1.0,8.5,1.5
1758855849935,2025-09-26 12:04:09.935,68:9E:19:03:95:F1,-77,127,1.0,8.5,1.5
1758855849941,2025-09-26 12:04:09.941,AC:23:3F:26:3E:EF,-63,127,1.0,8.5,1.5
1758855850044,2025-09-26 12:04:10.044,68:9E:19:03:95:F1,-77,127,1.0,8.5,1.5
1758855850141,2025-09-26 12:04:10.141,68:9E:19:03:95:F1,-75,127,1.0,8.5,1.5
1758855850171,2025-09-26 12:04:10.171,68:9E:19:03:95:84,-90,127,1.0,8.5,1.5
1758855850206,2025-09-26 12:04:10.206,AC:23:3F:26:3E:F2,-66,127,1.0,8.5,1.5
1758855850246,2025-09-26 12:04:10.246,68:9E:19:03:95:F1,-78,127,1.0,8.5,1.5
1758855850333,2025-09-26 12:04:10.333,AC:23:3F:26:3E:F2,-54,127,1.0,8.5,1.5
1758855850351,2025-09-26 12:04:10.351,AC:23:3F:26:3E:F1,-73,127,1.0,8.5,1.5
1758855850364,2025-09-26 12:04:10.364,68:9E:19:03:95:F1,-77,127,1.0,8.5,1.5
1758855850366,2025-09-26 12:04:10.366,AC:23:3F:26:3E:F2,-54,127,1.0,8.5,1.5
1758855850394,2025-09-26 12:04:10.394,AC:23:3F:26:3E:F1,-76,127,1.0,8.5,1.5
1758855850473,2025-09-26 12:04:10.473,68:9E:19:03:95:84,-88,127,1.0,8.5,1.5
1758855850539,2025-09-26 12:04:10.539,AC:23:3F:26:3E:EF,-63,127,1.0,8.5,1.5
1758855850572,2025-09-26 12:04:10.572,68:9E:19:03:95:F1,-78,127,1.0,8.5,1.5
1758855850672,2025-09-26 12:04:10.672,68:9E:19:03:95:F1,-77,127,1.0,8.5,1.5
1758855850786,2025-09-26 12:04:10.786,68:9E:19:03:95:F1,-75,127,1.0,8.5,1.5
1758855850892,2025-09-26 12:04:10.892,68:9E:19:03:95:F1,-78,127,1.0,8.5,1.5
1758855850905,2025-09-26 12:04:10.905,68:9E:19:03:95:84,-92,127,1.0,8.5,1.5
1758855850930,2025-09-26 12:04:10.930,AC:23:3F:26:3E:F2,-56,127,1.0,8.5,1.5
1758855850998,2025-09-26 12:04:10.998,68:9E:19:03:95:F1,-77,127,1.0,8.5,1.5
1758855851004,2025-09-26 12:04:11.004,68:9E:19:03:95:84,-89,127,1.0,8.5,1.5
1758855851035,2025-09-26 12:04:11.035,AC:23:3F:26:3E:F2,-64,127,1.0,8.5,1.5
1758855851063,2025-09-26 12:04:11.063,AC:23:3F:26:3E:F1,-75,127,1.0,8.5,1.5
1758855851084,2025-09-26 12:04:11.084,AC:23:3F:26:3E:F1,-75,127,1.0,8.5,1.5
1758855851099,2025-09-26 12:04:11.099,68:9E:19:03:95:F1,-78,127,1.0,8.5,1.5
1758855851104,2025-09-26 12:04:11.104,AC:23:3F:26:3E:F1,-74,127,1.0,8.5,1.5
1758855851147,2025-09-26 12:04:11.147,AC:23:3F:26:3E:EF,-63,127,1.0,8.5,1.5
1758855851208,2025-09-26 12:04:11.208,68:9E:19:03:95:F1,-78,127,1.0,8.5,1.5
1758855851213,2025-09-26 12:04:11.213,68:9E:19:03:95:84,-90,127,1.0,8.5,1.5
1758855851312,2025-09-26 12:04:11.312,68:9E:19:03:95:F1,-76,127,1.0,8.5,1.5
1758855851422,2025-09-26 12:04:11.422,68:9E:19:03:95:F1,-78,127,1.0,8.5,1.5
1758855851526,2025-09-26 12:04:11.526,68:9E:19:03:95:F1,-76,127,1.0,8.5,1.5
1758855851629,2025-09-26 12:04:11.629,68:9E:19:03:95:F1,-75,127,1.0,8.5,1.5
1758855851634,2025-09-26 12:04:11.634,68:9E:19:03:95:84,-90,127,1.0,8.5,1.5
1758855851733,2025-09-26 12:04:11.733,68:9E:19:03:95:F1,-75,127,1.0,8.5,1.5
1758855851744,2025-09-26 12:04:11.744,AC:23:3F:26:3E:F2,-78,127,1.0,8.5,1.5
1758855851748,2025-09-26 12:04:11.748,AC:23:3F:26:3E:EF,-63,127,1.0,8.5,1.5
1758855851780,2025-09-26 12:04:11.780,AC:23:3F:26:3E:F1,-74,127,1.0,8.5,1.5
1758855851785,2025-09-26 12:04:11.785,AC:23:3F:26:3E:F2,-67,127,1.0,8.5,1.5
1758855851804,2025-09-26 12:04:11.804,AC:23:3F:26:3E:F1,-73,127,1.0,8.5,1.5
1758855851826,2025-09-26 12:04:11.826,AC:23:3F:26:3E:F1,-74,127,1.0,8.5,1.5
1758855851841,2025-09-26 12:04:11.841,68:9E:19:03:95:F1,-78,127,1.0,8.5,1.5
1758855851846,2025-09-26 12:04:11.846,68:9E:19:03:95:84,-91,127,1.0,8.5,1.5
1758855851942,2025-09-26 12:04:11.942,68:9E:19:03:95:F1,-76,127,1.0,8.5,1.5
1758855851948,2025-09-26 12:04:11.948,68:9E:19:03:95:84,-89,127,1.0,8.5,1.5
1758855852045,2025-09-26 12:04:12.045,68:9E:19:03:95:F1,-77,127,1.0,8.5,1.5
1758855852109,2025-09-26 12:04:12.109,AC:23:3F:26:3E:F1,-85,127,1.0,8.5,1.5
1758855852153,2025-09-26 12:04:12.153,68:9E:19:03:95:F1,-78,127,1.0,8.5,1.5
1758855852159,2025-09-26 12:04:12.159,68:9E:19:03:95:84,-91,127,1.0,8.5,1.5
1758855852257,2025-09-26 12:04:12.257,68:9E:19:03:95:F1,-76,127,1.0,8.5,1.5
1758855852264,2025-09-26 12:04:12.264,68:9E:19:03:95:84,-88,127,1.0,8.5,1.5
1758855852339,2025-09-26 12:04:12.339,AC:23:3F:26:3E:F2,-68,127,1.0,8.5,1.5
1758855852362,2025-09-26 12:04:12.362,AC:23:3F:26:3E:EF,-63,127,1.0,8.5,1.5
1758855852367,2025-09-26 12:04:12.367,68:9E:19:03:95:F1,-76,127,1.0,8.5,1.5
1758855852448,2025-09-26 12:04:12.448,AC:23:3F:26:3E:F2,-55,127,1.0,8.5,1.5
1758855852461,2025-09-26 12:04:12.461,68:9E:19:03:95:F1,-78,127,1.0,8.5,1.5
1758855852487,2025-09-26 12:04:12.487,68:9E:19:03:95:84,-90,127,1.0,8.5,1.5
1758855852490,2025-09-26 12:04:12.490,AC:23:3F:26:3E:F1,-74,127,1.0,8.5,1.5
1758855852492,2025-09-26 12:04:12.492,AC:23:3F:26:3E:F2,-55,127,1.0,8.5,1.5
1758855852504,2025-09-26 12:04:12.504,AC:23:3F:26:3E:F1,-77,127,1.0,8.5,1.5
1758855852536,2025-09-26 12:04:12.536,AC:23:3F:26:3E:F1,-77,127,1.0,8.5,1.5
1758855852566,2025-09-26 12:04:12.566,68:9E:19:03:95:F1,-74,127,1.0,8.5,1.5
1758855852676,2025-09-26 12:04:12.676,68:9E:19:03:95:F1,-78,127,1.0,8.5,1.5
1758855852699,2025-09-26 12:04:12.699,68:9E:19:03:95:84,-92,127,1.0,8.5,1.5
1758855852776,2025-09-26 12:04:12.776,68:9E:19:03:95:F1,-78,127,1.0,8.5,1.5
1758855852802,2025-09-26 12:04:12.802,68:9E:19:03:95:84,-87,127,1.0,8.5,1.5
1758855852878,2025-09-26 12:04:12.878,68:9E:19:03:95:F1,-75,127,1.0,8.5,1.5
1758855852901,2025-09-26 12:04:12.901,68:9E:19:03:95:84,-93,127,1.0,8.5,1.5
1758855852956,2025-09-26 12:04:12.956,AC:23:3F:26:3E:EF,-63,127,1.0,8.5,1.5
1758855852978,2025-09-26 12:04:12.978,68:9E:19:03:95:F1,-78,127,1.0,8.5,1.5
1758855853043,2025-09-26 12:04:13.043,AC:23:3F:26:3E:F2,-54,127,1.0,8.5,1.5
1758855853093,2025-09-26 12:04:13.093,68:9E:19:03:95:F1,-78,127,1.0,8.5,1.5
1758855853120,2025-09-26 12:04:13.120,68:9E:19:03:95:84,-87,127,1.0,8.5,1.5
1758855853140,2025-09-26 12:04:13.140,AC:23:3F:26:3E:F2,-65,127,1.0,8.5,1.5
1758855853198,2025-09-26 12:04:13.198,68:9E:19:03:95:F1,-76,127,1.0,8.5,1.5
1758855853204,2025-09-26 12:04:13.204,AC:23:3F:26:3E:F1,-74,127,1.0,8.5,1.5
1758855853209,2025-09-26 12:04:13.209,AC:23:3F:26:3E:F2,-75,127,1.0,8.5,1.5
1758855853223,2025-09-26 12:04:13.223,68:9E:19:03:95:84,-91,127,1.0,8.5,1.5
1758855853227,2025-09-26 12:04:13.227,AC:23:3F:26:3E:F1,-74,127,1.0,8.5,1.5
1758855853413,2025-09-26 12:04:13.413,68:9E:19:03:95:F1,-75,127,1.0,8.5,1.5
1758855853433,2025-09-26 12:04:13.433,68:9E:19:03:95:84,-85,127,1.0,8.5,1.5
1758855853521,2025-09-26 12:04:13.521,68:9E:19:03:95:F1,-76,127,1.0,8.5,1.5
1758855853538,2025-09-26 12:04:13.538,68:9E:19:03:95:84,-93,127,1.0,8.5,1.5
1758855853558,2025-09-26 12:04:13.558,AC:23:3F:26:3E:EF,-63,127,1.0,8.5,1.5
1758855853623,2025-09-26 12:04:13.623,68:9E:19:03:95:F1,-78,127,1.0,8.5,1.5
1758855853633,2025-09-26 12:04:13.633,AC:23:3F:26:3E:F2,-67,127,1.0,8.5,1.5
1758855853721,2025-09-26 12:04:13.721,68:9E:19:03:95:F1,-75,127,1.0,8.5,1.5
1758855853747,2025-09-26 12:04:13.747,AC:23:3F:26:3E:F2,-67,127,1.0,8.5,1.5
1758855853754,2025-09-26 12:04:13.754,68:9E:19:03:95:84,-86,127,1.0,8.5,1.5
1758855853828,2025-09-26 12:04:13.828,68:9E:19:03:95:F1,-78,127,1.0,8.5,1.5
1758855853842,2025-09-26 12:04:13.842,AC:23:3F:26:3E:F2,-68,127,1.0,8.5,1.5
1758855853913,2025-09-26 12:04:13.913,AC:23:3F:26:3E:F2,-54,127,1.0,8.5,1.5
1758855853920,2025-09-26 12:04:13.920,AC:23:3F:26:3E:F1,-74,127,1.0,8.5,1.5
1758855853925,2025-09-26 12:04:13.925,68:9E:19:03:95:F1,-78,127,1.0,8.5,1.5
1758855853938,2025-09-26 12:04:13.938,AC:23:3F:26:3E:F1,-74,127,1.0,8.5,1.5
1758855853961,2025-09-26 12:04:13.961,AC:23:3F:26:3E:F1,-74,127,1.0,8.5,1.5
1758855853967,2025-09-26 12:04:13.967,68:9E:19:03:95:84,-91,127,1.0,8.5,1.5
1758855854035,2025-09-26 12:04:14.035,68:9E:19:03:95:F1,-77,127,1.0,8.5,1.5
1758855854065,2025-09-26 12:04:14.065,68:9E:19:03:95:84,-87,127,1.0,8.5,1.5
1758855854139,2025-09-26 12:04:14.139,68:9E:19:03:95:F1,-78,127,1.0,8.5,1.5
1758855854168,2025-09-26 12:04:14.168,AC:23:3F:26:3E:EF,-63,127,1.0,8.5,1.5
1758855854174,2025-09-26 12:04:14.174,68:9E:19:03:95:84,-94,127,1.0,8.5,1.5
1758855854248,2025-09-26 12:04:14.248,68:9E:19:03:95:F1,-78,127,1.0,8.5,1.5
1758855854277,2025-09-26 12:04:14.277,68:9E:19:03:95:84,-91,127,1.0,8.5,1.5
1758855854350,2025-09-26 12:04:14.350,68:9E:19:03:95:F1,-76,127,1.0,8.5,1.5
1758855854382,2025-09-26 12:04:14.382,68:9E:19:03:95:84,-87,127,1.0,8.5,1.5
1758855854459,2025-09-26 12:04:14.459,68:9E:19:03:95:F1,-76,127,1.0,8.5,1.5
1758855854465,2025-09-26 12:04:14.465,AC:23:3F:26:3E:F2,-68,127,1.0,8.5,1.5
1758855854484,2025-09-26 12:04:14.484,68:9E:19:03:95:84,-94,127,1.0,8.5,1.5
1758855854566,2025-09-26 12:04:14.566,68:9E:19:03:95:F1,-78,127,1.0,8.5,1.5
1758855854632,2025-09-26 12:04:14.632,AC:23:3F:26:3E:F1,-76,127,1.0,8.5,1.5
1758855854671,2025-09-26 12:04:14.671,68:9E:19:03:95:F1,-76,127,1.0,8.5,1.5
1758855854679,2025-09-26 12:04:14.679,AC:23:3F:26:3E:F1,-76,127,1.0,8.5,1.5
1758855854765,2025-09-26 12:04:14.765,AC:23:3F:26:3E:EF,-63,127,1.0,8.5,1.5
1758855854790,2025-09-26 12:04:14.790,68:9E:19:03:95:F1,-77,127,1.0,8.5,1.5
1758855854813,2025-09-26 12:04:14.813,68:9E:19:03:95:84,-93,127,1.0,8.5,1.5
1758855854887,2025-09-26 12:04:14.887,68:9E:19:03:95:F1,-78,127,1.0,8.5,1.5
1758855854988,2025-09-26 12:04:14.988,68:9E:19:03:95:F1,-76,127,1.0,8.5,1.5
1758855855090,2025-09-26 12:04:15.090,68:9E:19:03:95:F1,-78,127,1.0,8.5,1.5
1758855855133,2025-09-26 12:04:15.133,68:9E:19:03:95:84,-94,127,1.0,8.5,1.5
1758855855177,2025-09-26 12:04:15.177,AC:23:3F:26:3E:F2,-54,127,1.0,8.5,1.5
1758855855197,2025-09-26 12:04:15.197,68:9E:19:03:95:F1,-78,127,1.0,8.5,1.5
1758855855240,2025-09-26 12:04:15.240,68:9E:19:03:95:84,-86,127,1.0,8.5,1.5
1758855855245,2025-09-26 12:04:15.245,AC:23:3F:26:3E:F2,-65,127,1.0,8.5,1.5
1758855855305,2025-09-26 12:04:15.305,68:9E:19:03:95:F1,-78,127,1.0,8.5,1.5
1758855855334,2025-09-26 12:04:15.334,AC:23:3F:26:3E:F2,-68,127,1.0,8.5,1.5
1758855855339,2025-09-26 12:04:15.339,AC:23:3F:26:3E:F1,-74,127,1.0,8.5,1.5
1758855855344,2025-09-26 12:04:15.344,68:9E:19:03:95:84,-95,127,1.0,8.5,1.5
1758855855360,2025-09-26 12:04:15.360,AC:23:3F:26:3E:F1,-74,127,1.0,8.5,1.5
1758855855363,2025-09-26 12:04:15.363,AC:23:3F:26:3E:EF,-63,127,1.0,8.5,1.5
1758855855380,2025-09-26 12:04:15.380,AC:23:3F:26:3E:F1,-74,127,1.0,8.5,1.5
1758855855413,2025-09-26 12:04:15.413,68:9E:19:03:95:F1,-78,127,1.0,8.5,1.5
1758855855454,2025-09-26 12:04:15.454,68:9E:19:03:95:84,-93,127,1.0,8.5,1.5
1758855855515,2025-09-26 12:04:15.515,68:9E:19:03:95:F1,-76,127,1.0,8.5,1.5
1758855855551,2025-09-26 12:04:15.551,68:9E:19:03:95:84,-86,127,1.0,8.5,1.5
1758855855660,2025-09-26 12:04:15.660,68:9E:19:03:95:84,-94,127,1.0,8.5,1.5
1758855855722,2025-09-26 12:04:15.722,68:9E:19:03:95:F1,-78,127,1.0,8.5,1.5
1758855855764,2025-09-26 12:04:15.764,68:9E:19:03:95:84,-92,127,1.0,8.5,1.5
1758855855868,2025-09-26 12:04:15.868,68:9E:19:03:95:84,-88,127,1.0,8.5,1.5
1758855855937,2025-09-26 12:04:15.937,68:9E:19:03:95:F1,-80,127,1.0,8.5,1.5
1758855855945,2025-09-26 12:04:15.945,AC:23:3F:26:3E:F2,-67,127,1.0,8.5,1.5
1758855856044,2025-09-26 12:04:16.044,AC:23:3F:26:3E:F2,-54,127,1.0,8.5,1.5
1758855856049,2025-09-26 12:04:16.049,68:9E:19:03:95:F1,-78,127,1.0,8.5,1.5
1758855856057,2025-09-26 12:04:16.057,AC:23:3F:26:3E:F1,-73,127,1.0,8.5,1.5
1758855856076,2025-09-26 12:04:16.076,68:9E:19:03:95:84,-92,127,1.0,8.5,1.5
1758855856078,2025-09-26 12:04:16.078,AC:23:3F:26:3E:F1,-73,127,1.0,8.5,1.5
1758855856096,2025-09-26 12:04:16.096,AC:23:3F:26:3E:F1,-77,127,1.0,8.5,1.5
1758855856117,2025-09-26 12:04:16.117,AC:23:3F:26:3E:F1,-91,127,1.0,8.5,1.5
1758855856156,2025-09-26 12:04:16.156,68:9E:19:03:95:F1,-76,127,1.0,8.5,1.5
1758855856182,2025-09-26 12:04:16.182,68:9E:19:03:95:84,-87,127,1.0,8.5,1.5
1758855856263,2025-09-26 12:04:16.263,68:9E:19:03:95:F1,-76,127,1.0,8.5,1.5
1758855856365,2025-09-26 12:04:16.365,68:9E:19:03:95:F1,-78,127,1.0,8.5,1.5
1758855856388,2025-09-26 12:04:16.388,68:9E:19:03:95:84,-92,127,1.0,8.5,1.5
1758855856473,2025-09-26 12:04:16.473,68:9E:19:03:95:F1,-75,127,1.0,8.5,1.5
1758855856579,2025-09-26 12:04:16.579,68:9E:19:03:95:F1,-77,127,1.0,8.5,1.5
1758855856585,2025-09-26 12:04:16.585,AC:23:3F:26:3E:EF,-63,127,1.0,8.5,1.5
1758855856592,2025-09-26 12:04:16.592,AC:23:3F:26:3E:F2,-67,127,1.0,8.5,1.5
1758855856604,2025-09-26 12:04:16.604,68:9E:19:03:95:84,-92,127,1.0,8.5,1.5
1758855856647,2025-09-26 12:04:16.647,AC:23:3F:26:3E:F2,-54,127,1.0,8.5,1.5
1758855856687,2025-09-26 12:04:16.687,68:9E:19:03:95:F1,-78,127,1.0,8.5,1.5
1758855856714,2025-09-26 12:04:16.714,68:9E:19:03:95:84,-86,127,1.0,8.5,1.5
1758855856752,2025-09-26 12:04:16.752,AC:23:3F:26:3E:F2,-68,127,1.0,8.5,1.5
1758855856770,2025-09-26 12:04:16.770,AC:23:3F:26:3E:F1,-76,127,1.0,8.5,1.5
1758855856786,2025-09-26 12:04:16.786,AC:23:3F:26:3E:F1,-76,127,1.0,8.5,1.5
1758855856790,2025-09-26 12:04:16.790,68:9E:19:03:95:F1,-75,127,1.0,8.5,1.5
1758855856807,2025-09-26 12:04:16.807,AC:23:3F:26:3E:F1,-74,127,1.0,8.5,1.5
1758855856896,2025-09-26 12:04:16.896,68:9E:19:03:95:F1,-78,127,1.0,8.5,1.5
1758855856922,2025-09-26 12:04:16.922,68:9E:19:03:95:84,-92,127,1.0,8.5,1.5
1758855857000,2025-09-26 12:04:17.000,68:9E:19:03:95:F1,-76,127,1.0,8.5,1.5
1758855857018,2025-09-26 12:04:17.018,68:9E:19:03:95:84,-88,127,1.0,8.5,1.5
1758855857179,2025-09-26 12:04:17.179,AC:23:3F:26:3E:EF,-63,127,1.0,8.5,1.5
1758855857211,2025-09-26 12:04:17.211,68:9E:19:03:95:F1,-78,127,1.0,8.5,1.5
1758855857233,2025-09-26 12:04:17.233,68:9E:19:03:95:84,-93,127,1.0,8.5,1.5
1758855857322,2025-09-26 12:04:17.322,68:9E:19:03:95:F1,-75,127,1.0,8.5,1.5
1758855857345,2025-09-26 12:04:17.345,68:9E:19:03:95:84,-87,127,1.0,8.5,1.5
1758855857350,2025-09-26 12:04:17.350,AC:23:3F:26:3E:F2,-67,127,1.0,8.5,1.5
1758855857425,2025-09-26 12:04:17.425,68:9E:19:03:95:F1,-76,127,1.0,8.5,1.5
1758855857443,2025-09-26 12:04:17.443,68:9E:19:03:95:84,-97,127,1.0,8.5,1.5
1758855857462,2025-09-26 12:04:17.462,AC:23:3F:26:3E:F2,-68,127,1.0,8.5,1.5
1758855857485,2025-09-26 12:04:17.485,AC:23:3F:26:3E:F1,-74,127,1.0,8.5,1.5
1758855857500,2025-09-26 12:04:17.500,AC:23:3F:26:3E:F1,-73,127,1.0,8.5,1.5
1758855857518,2025-09-26 12:04:17.518,AC:23:3F:26:3E:F1,-73,127,1.0,8.5,1.5
1758855857522,2025-09-26 12:04:17.522,68:9E:19:03:95:F1,-78,127,1.0,8.5,1.5
1758855857548,2025-09-26 12:04:17.548,68:9E:19:03:95:84,-92,127,1.0,8.5,1.5
1758855857630,2025-09-26 12:04:17.630,68:9E:19:03:95:F1,-75,127,1.0,8.5,1.5
1758855857635,2025-09-26 12:04:17.635,AC:23:3F:26:3E:F2,-78,127,1.0,8.5,1.5
1758855857651,2025-09-26 12:04:17.651,68:9E:19:03:95:84,-89,127,1.0,8.5,1.5
1758855857739,2025-09-26 12:04:17.739,68:9E:19:03:95:F1,-78,127,1.0,8.5,1.5
1758855857776,2025-09-26 12:04:17.776,AC:23:3F:26:3E:EF,-63,127,1.0,8.5,1.5
1758855857846,2025-09-26 12:04:17.846,68:9E:19:03:95:F1,-78,127,1.0,8.5,1.5
1758855857858,2025-09-26 12:04:17.858,68:9E:19:03:95:84,-94,127,1.0,8.5,1.5
1758855857950,2025-09-26 12:04:17.950,68:9E:19:03:95:F1,-76,127,1.0,8.5,1.5
1758855857962,2025-09-26 12:04:17.962,68:9E:19:03:95:84,-88,127,1.0,8.5,1.5
1758855858011,2025-09-26 12:04:18.011,AC:23:3F:26:3E:F2,-68,127,1.0,8.5,1.5
1758855858054,2025-09-26 12:04:18.054,68:9E:19:03:95:F1,-78,127,1.0,8.5,1.5
1758855858168,2025-09-26 12:04:18.168,68:9E:19:03:95:84,-92,127,1.0,8.5,1.5
1758855858173,2025-09-26 12:04:18.173,AC:23:3F:26:3E:F2,-55,127,1.0,8.5,1.5
1758855858221,2025-09-26 12:04:18.221,AC:23:3F:26:3E:F1,-76,127,1.0,8.5,1.5
1758855858244,2025-09-26 12:04:18.244,AC:23:3F:26:3E:F1,-76,127,1.0,8.5,1.5
1758855858272,2025-09-26 12:04:18.272,68:9E:19:03:95:F1,-76,127,1.0,8.5,1.5
1758855858277,2025-09-26 12:04:18.277,68:9E:19:03:95:84,-88,127,1.0,8.5,1.5
1758855858486,2025-09-26 12:04:18.486,68:9E:19:03:95:F1,-77,127,1.0,8.5,1.5
1758855858593,2025-09-26 12:04:18.593,68:9E:19:03:95:84,-88,127,1.0,8.5,1.5
1758855858690,2025-09-26 12:04:18.690,68:9E:19:03:95:F1,-77,127,1.0,8.5,1.5
1758855858695,2025-09-26 12:04:18.695,68:9E:19:03:95:84,-92,127,1.0,8.5,1.5
1758855858720,2025-09-26 12:04:18.720,AC:23:3F:26:3E:F2,-55,127,1.0,8.5,1.5
1758855858749,2025-09-26 12:04:18.749,AC:23:3F:26:3E:F2,-55,127,1.0,8.5,1.5
1758855858798,2025-09-26 12:04:18.798,68:9E:19:03:95:84,-87,127,1.0,8.5,1.5
1758855858886,2025-09-26 12:04:18.886,AC:23:3F:26:3E:F2,-64,127,1.0,8.5,1.5
1758855858896,2025-09-26 12:04:18.896,68:9E:19:03:95:F1,-76,127,1.0,8.5,1.5
1758855858910,2025-09-26 12:04:18.910,AC:23:3F:26:3E:F1,-75,127,1.0,8.5,1.5
1758855858926,2025-09-26 12:04:18.926,AC:23:3F:26:3E:F1,-75,127,1.0,8.5,1.5
1758855858948,2025-09-26 12:04:18.948,AC:23:3F:26:3E:F1,-74,127,1.0,8.5,1.5
1758855858996,2025-09-26 12:04:18.996,AC:23:3F:26:3E:EF,-63,127,1.0,8.5,1.5
1758855859000,2025-09-26 12:04:19.000,68:9E:19:03:95:F1,-77,127,1.0,8.5,1.5
1758855859018,2025-09-26 12:04:19.018,68:9E:19:03:95:84,-92,127,1.0,8.5,1.5
1758855859105,2025-09-26 12:04:19.105,68:9E:19:03:95:F1,-76,127,1.0,8.5,1.5
1758855859115,2025-09-26 12:04:19.115,68:9E:19:03:95:84,-86,127,1.0,8.5,1.5
1758855859214,2025-09-26 12:04:19.214,68:9E:19:03:95:F1,-76,127,1.0,8.5,1.5
1758855859224,2025-09-26 12:04:19.224,68:9E:19:03:95:84,-93,127,1.0,8.5,1.5
1758855859322,2025-09-26 12:04:19.322,68:9E:19:03:95:F1,-77,127,1.0,8.5,1.5
1758855859332,2025-09-26 12:04:19.332,68:9E:19:03:95:84,-92,127,1.0,8.5,1.5
1758855859428,2025-09-26 12:04:19.428,68:9E:19:03:95:F1,-75,127,1.0,8.5,1.5
1758855859433,2025-09-26 12:04:19.433,68:9E:19:03:95:84,-88,127,1.0,8.5,1.5
1758855859449,2025-09-26 12:04:19.449,AC:23:3F:26:3E:F2,-63,127,1.0,8.5,1.5
1758855859535,2025-09-26 12:04:19.535,68:9E:19:03:95:F1,-78,127,1.0,8.5,1.5
1758855859617,2025-09-26 12:04:19.617,AC:23:3F:26:3E:F1,-73,127,1.0,8.5,1.5
1758855859642,2025-09-26 12:04:19.642,AC:23:3F:26:3E:F1,-73,127,1.0,8.5,1.5
1758855859647,2025-09-26 12:04:19.647,68:9E:19:03:95:F1,-77,127,1.0,8.5,1.5
1758855859651,2025-09-26 12:04:19.651,68:9E:19:03:95:84,-91,127,1.0,8.5,1.5
1758855859751,2025-09-26 12:04:19.751,68:9E:19:03:95:F1,-76,127,1.0,8.5,1.5
1758855859856,2025-09-26 12:04:19.856,68:9E:19:03:95:84,-94,127,1.0,8.5,1.5
1758855859964,2025-09-26 12:04:19.964,68:9E:19:03:95:F1,-77,127,1.0,8.5,1.5
1758855859969,2025-09-26 12:04:19.969,68:9E:19:03:95:84,-89,127,1.0,8.5,1.5
1758855860065,2025-09-26 12:04:20.065,68:9E:19:03:95:84,-86,127,1.0,8.5,1.5
1758855860135,2025-09-26 12:04:20.135,AC:23:3F:26:3E:F1,-87,127,1.0,8.5,1.5
1758855860141,2025-09-26 12:04:20.141,AC:23:3F:26:3E:F2,-72,127,1.0,8.5,1.5
1758855860157,2025-09-26 12:04:20.157,AC:23:3F:26:3E:F2,-70,127,1.0,8.5,1.5
1758855860173,2025-09-26 12:04:20.173,68:9E:19:03:95:F1,-78,127,1.0,8.5,1.5
1758855860202,2025-09-26 12:04:20.202,AC:23:3F:26:3E:EF,-58,127,1.0,8.5,1.5
1758855860277,2025-09-26 12:04:20.277,68:9E:19:03:95:84,-91,127,1.0,8.5,1.5
1758855860302,2025-09-26 12:04:20.302,AC:23:3F:26:3E:F2,-64,127,1.0,8.5,1.5
1758855860330,2025-09-26 12:04:20.330,AC:23:3F:26:3E:F1,-76,127,1.0,8.5,1.5
1758855860349,2025-09-26 12:04:20.349,AC:23:3F:26:3E:F1,-77,127,1.0,8.5,1.5
1758855860370,2025-09-26 12:04:20.370,AC:23:3F:26:3E:F1,-76,127,1.0,8.5,1.5
1758855860375,2025-09-26 12:04:20.375,68:9E:19:03:95:F1,-77,127,1.0,8.5,1.5
1758855860379,2025-09-26 12:04:20.379,68:9E:19:03:95:84,-88,127,1.0,8.5,1.5
1758855860483,2025-09-26 12:04:20.483,68:9E:19:03:95:F1,-78,127,1.0,8.5,1.5
1758855860490,2025-09-26 12:04:20.490,68:9E:19:03:95:84,-95,127,1.0,8.5,1.5
1758855860593,2025-09-26 12:04:20.593,68:9E:19:03:95:F1,-77,127,1.0,8.5,1.5
1758855860601,2025-09-26 12:04:20.601,68:9E:19:03:95:84,-88,127,1.0,8.5,1.5
1758855860692,2025-09-26 12:04:20.692,68:9E:19:03:95:F1,-77,127,1.0,8.5,1.5
1758855860793,2025-09-26 12:04:20.793,68:9E:19:03:95:F1,-78,127,1.0,8.5,1.5
1758855860800,2025-09-26 12:04:20.800,68:9E:19:03:95:84,-91,127,1.0,8.5,1.5
1758855860844,2025-09-26 12:04:20.844,AC:23:3F:26:3E:F2,-54,127,1.0,8.5,1.5
1758855860864,2025-09-26 12:04:20.864,AC:23:3F:26:3E:F2,-55,127,1.0,8.5,1.5
1758855860892,2025-09-26 12:04:20.892,68:9E:19:03:95:F1,-78,127,1.0,8.5,1.5
1758855860902,2025-09-26 12:04:20.902,68:9E:19:03:95:84,-87,127,1.0,8.5,1.5
1758855860995,2025-09-26 12:04:20.995,68:9E:19:03:95:F1,-77,127,1.0,8.5,1.5
1758855861015,2025-09-26 12:04:21.015,AC:23:3F:26:3E:F2,-71,127,1.0,8.5,1.5
1758855861044,2025-09-26 12:04:21.044,AC:23:3F:26:3E:F1,-74,127,1.0,8.5,1.5
1758855861065,2025-09-26 12:04:21.065,AC:23:3F:26:3E:F1,-75,127,1.0,8.5,1.5
1758855861085,2025-09-26 12:04:21.085,AC:23:3F:26:3E:F1,-74,127,1.0,8.5,1.5
1758855861095,2025-09-26 12:04:21.095,68:9E:19:03:95:F1,-78,127,1.0,8.5,1.5
1758855861122,2025-09-26 12:04:21.122,68:9E:19:03:95:84,-91,127,1.0,8.5,1.5
1758855861204,2025-09-26 12:04:21.204,68:9E:19:03:95:F1,-76,127,1.0,8.5,1.5
1758855861308,2025-09-26 12:04:21.308,68:9E:19:03:95:F1,-78,127,1.0,8.5,1.5
1758855861414,2025-09-26 12:04:21.414,AC:23:3F:26:3E:EF,-58,127,1.0,8.5,1.5
1758855861440,2025-09-26 12:04:21.440,68:9E:19:03:95:84,-92,127,1.0,8.5,1.5
1758855861516,2025-09-26 12:04:21.516,68:9E:19:03:95:F1,-76,127,1.0,8.5,1.5
1758855861544,2025-09-26 12:04:21.544,AC:23:3F:26:3E:F2,-65,127,1.0,8.5,1.5
1758855861568,2025-09-26 12:04:21.568,AC:23:3F:26:3E:F2,-67,127,1.0,8.5,1.5
1758855861623,2025-09-26 12:04:21.623,68:9E:19:03:95:F1,-76,127,1.0,8.5,1.5
1758855861636,2025-09-26 12:04:21.636,AC:23:3F:26:3E:F2,-89,127,1.0,8.5,1.5
1758855861727,2025-09-26 12:04:21.727,68:9E:19:03:95:F1,-77,127,1.0,8.5,1.5
1758855861733,2025-09-26 12:04:21.733,AC:23:3F:26:3E:F2,-54,127,1.0,8.5,1.5
1758855861757,2025-09-26 12:04:21.757,68:9E:19:03:95:84,-91,127,1.0,8.5,1.5
1758855861762,2025-09-26 12:04:21.762,AC:23:3F:26:3E:F1,-73,127,1.0,8.5,1.5
1758855861780,2025-09-26 12:04:21.780,AC:23:3F:26:3E:F1,-74,127,1.0,8.5,1.5
1758855861800,2025-09-26 12:04:21.800,AC:23:3F:26:3E:F1,-76,127,1.0,8.5,1.5
1758855861829,2025-09-26 12:04:21.829,68:9E:19:03:95:F1,-76,127,1.0,8.5,1.5
1758855861860,2025-09-26 12:04:21.860,68:9E:19:03:95:84,-87,127,1.0,8.5,1.5
1758855862022,2025-09-26 12:04:22.022,AC:23:3F:26:3E:EF,-58,127,1.0,8.5,1.5
1758855862032,2025-09-26 12:04:22.032,68:9E:19:03:95:F1,-78,127,1.0,8.5,1.5
1758855862078,2025-09-26 12:04:22.078,68:9E:19:03:95:84,-90,127,1.0,8.5,1.5
1758855862137,2025-09-26 12:04:22.137,68:9E:19:03:95:F1,-75,127,1.0,8.5,1.5
1758855862177,2025-09-26 12:04:22.177,68:9E:19:03:95:84,-87,127,1.0,8.5,1.5
1758855862243,2025-09-26 12:04:22.243,68:9E:19:03:95:F1,-78,127,1.0,8.5,1.5
1758855862263,2025-09-26 12:04:22.263,AC:23:3F:26:3E:F2,-70,127,1.0,8.5,1.5
1758855862282,2025-09-26 12:04:22.282,AC:23:3F:26:3E:F2,-70,127,1.0,8.5,1.5
1758855862351,2025-09-26 12:04:22.351,68:9E:19:03:95:F1,-78,127,1.0,8.5,1.5
1758855862384,2025-09-26 12:04:22.384,68:9E:19:03:95:84,-91,127,1.0,8.5,1.5
1758855862431,2025-09-26 12:04:22.431,AC:23:3F:26:3E:F2,-67,127,1.0,8.5,1.5
1758855862457,2025-09-26 12:04:22.457,68:9E:19:03:95:F1,-75,127,1.0,8.5,1.5
1758855862490,2025-09-26 12:04:22.490,68:9E:19:03:95:84,-86,127,1.0,8.5,1.5
1758855862498,2025-09-26 12:04:22.498,AC:23:3F:26:3E:F1,-74,127,1.0,8.5,1.5
1758855862519,2025-09-26 12:04:22.519,AC:23:3F:26:3E:F1,-74,127,1.0,8.5,1.5
1758855862563,2025-09-26 12:04:22.563,68:9E:19:03:95:F1,-78,127,1.0,8.5,1.5
1758855862604,2025-09-26 12:04:22.604,68:9E:19:03:95:84,-90,127,1.0,8.5,1.5
1758855862619,2025-09-26 12:04:22.619,AC:23:3F:26:3E:EF,-58,127,1.0,8.5,1.5
1758855862664,2025-09-26 12:04:22.664,68:9E:19:03:95:F1,-78,127,1.0,8.5,1.5
1758855862712,2025-09-26 12:04:22.712,68:9E:19:03:95:84,-87,127,1.0,8.5,1.5
1758855862758,2025-09-26 12:04:22.758,68:9E:19:03:95:F1,-76,127,1.0,8.5,1.5
1758855862812,2025-09-26 12:04:22.812,68:9E:19:03:95:84,-93,127,1.0,8.5,1.5
1758855862963,2025-09-26 12:04:22.963,AC:23:3F:26:3E:F2,-54,127,1.0,8.5,1.5
1758855862975,2025-09-26 12:04:22.975,AC:23:3F:26:3E:F2,-54,127,1.0,8.5,1.5
1758855862989,2025-09-26 12:04:22.989,68:9E:19:03:95:F1,-78,127,1.0,8.5,1.5
1758855863028,2025-09-26 12:04:23.028,68:9E:19:03:95:84,-88,127,1.0,8.5,1.5
1758855863088,2025-09-26 12:04:23.088,68:9E:19:03:95:F1,-76,127,1.0,8.5,1.5
1758855863135,2025-09-26 12:04:23.135,68:9E:19:03:95:84,-92,127,1.0,8.5,1.5
1758855863154,2025-09-26 12:04:23.154,AC:23:3F:26:3E:F2,-70,127,1.0,8.5,1.5
1758855863184,2025-09-26 12:04:23.184,AC:23:3F:26:3E:F1,-74,127,1.0,8.5,1.5
1758855863193,2025-09-26 12:04:23.193,68:9E:19:03:95:F1,-77,127,1.0,8.5,1.5
1758855863215,2025-09-26 12:04:23.215,AC:23:3F:26:3E:F1,-74,127,1.0,8.5,1.5
1758855863225,2025-09-26 12:04:23.225,AC:23:3F:26:3E:EF,-59,127,1.0,8.5,1.5
1758855863229,2025-09-26 12:04:23.229,AC:23:3F:26:3E:F1,-73,127,1.0,8.5,1.5
1758855863240,2025-09-26 12:04:23.240,68:9E:19:03:95:84,-91,127,1.0,8.5,1.5
1758855863304,2025-09-26 12:04:23.304,68:9E:19:03:95:F1,-75,127,1.0,8.5,1.5
1758855863342,2025-09-26 12:04:23.342,68:9E:19:03:95:84,-87,127,1.0,8.5,1.5
1758855863404,2025-09-26 12:04:23.404,68:9E:19:03:95:F1,-78,127,1.0,8.5,1.5
1758855863451,2025-09-26 12:04:23.451,68:9E:19:03:95:84,-92,127,1.0,8.5,1.5
1758855863512,2025-09-26 12:04:23.512,68:9E:19:03:95:F1,-78,127,1.0,8.5,1.5
1758855863622,2025-09-26 12:04:23.622,68:9E:19:03:95:F1,-76,127,1.0,8.5,1.5
1758855863655,2025-09-26 12:04:23.655,AC:23:3F:26:3E:F2,-65,127,1.0,8.5,1.5
1758855863681,2025-09-26 12:04:23.681,AC:23:3F:26:3E:F2,-65,127,1.0,8.5,1.5
1758855863716,2025-09-26 12:04:23.716,68:9E:19:03:95:F1,-78,127,1.0,8.5,1.5
1758855863758,2025-09-26 12:04:23.758,68:9E:19:03:95:84,-94,127,1.0,8.5,1.5
1758855863830,2025-09-26 12:04:23.830,68:9E:19:03:95:F1,-78,127,1.0,8.5,1.5
1758855863836,2025-09-26 12:04:23.836,AC:23:3F:26:3E:EF,-59,127,1.0,8.5,1.5
1758855863865,2025-09-26 12:04:23.865,AC:23:3F:26:3E:F2,-54,127,1.0,8.5,1.5
1758855863871,2025-09-26 12:04:23.871,68:9E:19:03:95:84,-92,127,1.0,8.5,1.5
1758855863893,2025-09-26 12:04:23.893,AC:23:3F:26:3E:F1,-74,127,1.0,8.5,1.5
1758855863914,2025-09-26 12:04:23.914,AC:23:3F:26:3E:F1,-78,127,1.0,8.5,1.5
1758855863936,2025-09-26 12:04:23.936,68:9E:19:03:95:F1,-76,127,1.0,8.5,1.5
1758855863942,2025-09-26 12:04:23.942,AC:23:3F:26:3E:F1,-76,127,1.0,8.5,1.5
1758855863973,2025-09-26 12:04:23.973,68:9E:19:03:95:84,-86,127,1.0,8.5,1.5
1758855864032,2025-09-26 12:04:24.032,68:9E:19:03:95:F1,-76,127,1.0,8.5,1.5
1758855864136,2025-09-26 12:04:24.136,68:9E:19:03:95:F1,-78,127,1.0,8.5,1.5
1758855864143,2025-09-26 12:04:24.143,AC:23:3F:26:3E:F1,-86,127,1.0,8.5,1.5
1758855864185,2025-09-26 12:04:24.185,68:9E:19:03:95:84,-91,127,1.0,8.5,1.5
1758855864246,2025-09-26 12:04:24.246,68:9E:19:03:95:F1,-75,127,1.0,8.5,1.5
1758855864349,2025-09-26 12:04:24.349,68:9E:19:03:95:F1,-76,127,1.0,8.5,1.5
1758855864356,2025-09-26 12:04:24.356,AC:23:3F:26:3E:F2,-76,127,1.0,8.5,1.5
1758855864386,2025-09-26 12:04:24.386,AC:23:3F:26:3E:F2,-70,127,1.0,8.5,1.5
1758855864402,2025-09-26 12:04:24.402,68:9E:19:03:95:84,-91,127,1.0,8.5,1.5
1758855864438,2025-09-26 12:04:24.438,AC:23:3F:26:3E:EF,-58,127,1.0,8.5,1.5
1758855864451,2025-09-26 12:04:24.451,68:9E:19:03:95:F1,-78,127,1.0,8.5,1.5
1758855864512,2025-09-26 12:04:24.512,68:9E:19:03:95:84,-88,127,1.0,8.5,1.5
1758855864555,2025-09-26 12:04:24.555,68:9E:19:03:95:F1,-75,127,1.0,8.5,1.5
1758855864561,2025-09-26 12:04:24.561,AC:23:3F:26:3E:F2,-67,127,1.0,8.5,1.5
1758855864609,2025-09-26 12:04:24.609,AC:23:3F:26:3E:F1,-74,127,1.0,8.5,1.5
1758855864614,2025-09-26 12:04:24.614,68:9E:19:03:95:84,-94,127,1.0,8.5,1.5
1758855864622,2025-09-26 12:04:24.622,AC:23:3F:26:3E:F1,-74,127,1.0,8.5,1.5
1758855864648,2025-09-26 12:04:24.648,AC:23:3F:26:3E:F1,-74,127,1.0,8.5,1.5
1758855864656,2025-09-26 12:04:24.656,68:9E:19:03:95:F1,-76,127,1.0,8.5,1.5
1758855864718,2025-09-26 12:04:24.718,68:9E:19:03:95:84,-91,127,1.0,8.5,1.5
1758855864825,2025-09-26 12:04:24.825,68:9E:19:03:95:84,-88,127,1.0,8.5,1.5
1758855864876,2025-09-26 12:04:24.876,68:9E:19:03:95:F1,-76,127,1.0,8.5,1.5
1758855864930,2025-09-26 12:04:24.930,68:9E:19:03:95:84,-93,127,1.0,8.5,1.5
1758855864986,2025-09-26 12:04:24.986,68:9E:19:03:95:F1,-77,127,1.0,8.5,1.5
1758855865040,2025-09-26 12:04:25.040,68:9E:19:03:95:84,-91,127,1.0,8.5,1.5
1758855865045,2025-09-26 12:04:25.045,AC:23:3F:26:3E:EF,-58,127,1.0,8.5,1.5
1758855865059,2025-09-26 12:04:25.059,AC:23:3F:26:3E:F2,-54,127,1.0,8.5,1.5
1758855865088,2025-09-26 12:04:25.088,68:9E:19:03:95:F1,-77,127,1.0,8.5,1.5
1758855865096,2025-09-26 12:04:25.096,AC:23:3F:26:3E:F2,-65,127,1.0,8.5,1.5
1758855865142,2025-09-26 12:04:25.142,68:9E:19:03:95:84,-87,127,1.0,8.5,1.5
1758855865190,2025-09-26 12:04:25.190,68:9E:19:03:95:F1,-75,127,1.0,8.5,1.5
1758855865276,2025-09-26 12:04:25.276,AC:23:3F:26:3E:F2,-78,127,1.0,8.5,1.5
1758855865305,2025-09-26 12:04:25.305,68:9E:19:03:95:F1,-78,127,1.0,8.5,1.5
1758855865327,2025-09-26 12:04:25.327,AC:23:3F:26:3E:F1,-74,127,1.0,8.5,1.5
1758855865349,2025-09-26 12:04:25.349,68:9E:19:03:95:84,-92,127,1.0,8.5,1.5
1758855865354,2025-09-26 12:04:25.354,AC:23:3F:26:3E:F1,-74,127,1.0,8.5,1.5
1758855865374,2025-09-26 12:04:25.374,AC:23:3F:26:3E:F1,-74,127,1.0,8.5,1.5
1758855865399,2025-09-26 12:04:25.399,68:9E:19:03:95:F1,-76,127,1.0,8.5,1.5
1758855865450,2025-09-26 12:04:25.450,68:9E:19:03:95:84,-88,127,1.0,8.5,1.5
1758855865501,2025-09-26 12:04:25.501,68:9E:19:03:95:F1,-77,127,1.0,8.5,1.5
1758855865613,2025-09-26 12:04:25.613,68:9E:19:03:95:F1,-78,127,1.0,8.5,1.5
1758855865635,2025-09-26 12:04:25.635,AC:23:3F:26:3E:F2,-66,127,1.0,8.5,1.5
1758855865643,2025-09-26 12:04:25.643,AC:23:3F:26:3E:EF,-58,127,1.0,8.5,1.5
1758855865664,2025-09-26 12:04:25.664,68:9E:19:03:95:84,-91,127,1.0,8.5,1.5
1758855865710,2025-09-26 12:04:25.710,68:9E:19:03:95:F1,-77,127,1.0,8.5,1.5
1758855865762,2025-09-26 12:04:25.762,AC:23:3F:26:3E:F2,-65,127,1.0,8.5,1.5
1758855865804,2025-09-26 12:04:25.804,AC:23:3F:26:3E:F2,-70,127,1.0,8.5,1.5
1758855865815,2025-09-26 12:04:25.815,68:9E:19:03:95:F1,-78,127,1.0,8.5,1.5
1758855865919,2025-09-26 12:04:25.919,68:9E:19:03:95:F1,-78,127,1.0,8.5,1.5
1758855865979,2025-09-26 12:04:25.979,AC:23:3F:26:3E:F2,-54,127,1.0,8.5,1.5
1758855865984,2025-09-26 12:04:25.984,68:9E:19:03:95:84,-92,127,1.0,8.5,1.5
1758855866027,2025-09-26 12:04:26.027,68:9E:19:03:95:F1,-76,127,1.0,8.5,1.5
1758855866042,2025-09-26 12:04:26.042,AC:23:3F:26:3E:F1,-76,127,1.0,8.5,1.5
1758855866089,2025-09-26 12:04:26.089,AC:23:3F:26:3E:F1,-78,127,1.0,8.5,1.5
1758855866134,2025-09-26 12:04:26.134,68:9E:19:03:95:F1,-78,127,1.0,8.5,1.5
1758855866246,2025-09-26 12:04:26.246,68:9E:19:03:95:F1,-78,127,1.0,8.5,1.5
1758855866253,2025-09-26 12:04:26.253,AC:23:3F:26:3E:EF,-58,127,1.0,8.5,1.5
1758855866293,2025-09-26 12:04:26.293,68:9E:19:03:95:84,-92,127,1.0,8.5,1.5
1758855866350,2025-09-26 12:04:26.350,68:9E:19:03:95:F1,-76,127,1.0,8.5,1.5
1758855866404,2025-09-26 12:04:26.404,68:9E:19:03:95:84,-93,127,1.0,8.5,1.5
1758855866458,2025-09-26 12:04:26.458,68:9E:19:03:95:F1,-78,127,1.0,8.5,1.5
1758855866465,2025-09-26 12:04:26.465,AC:23:3F:26:3E:F2,-71,127,1.0,8.5,1.5
1758855866501,2025-09-26 12:04:26.501,68:9E:19:03:95:84,-92,127,1.0,8.5,1.5
1758855866513,2025-09-26 12:04:26.513,AC:23:3F:26:3E:F2,-54,127,1.0,8.5,1.5
1758855866562,2025-09-26 12:04:26.562,68:9E:19:03:95:F1,-78,127,1.0,8.5,1.5
1758855866609,2025-09-26 12:04:26.609,68:9E:19:03:95:84,-86,127,1.0,8.5,1.5
1758855866665,2025-09-26 12:04:26.665,68:9E:19:03:95:F1,-76,127,1.0,8.5,1.5
1758855866687,2025-09-26 12:04:26.687,AC:23:3F:26:3E:F2,-65,127,1.0,8.5,1.5
1758855866742,2025-09-26 12:04:26.742,AC:23:3F:26:3E:F1,-74,127,1.0,8.5,1.5
1758855866765,2025-09-26 12:04:26.765,AC:23:3F:26:3E:F1,-74,127,1.0,8.5,1.5
1758855866773,2025-09-26 12:04:26.773,68:9E:19:03:95:F1,-77,127,1.0,8.5,1.5
1758855866792,2025-09-26 12:04:26.792,AC:23:3F:26:3E:F1,-74,127,1.0,8.5,1.5
1758855866814,2025-09-26 12:04:26.814,68:9E:19:03:95:84,-92,127,1.0,8.5,1.5
1758855866855,2025-09-26 12:04:26.855,AC:23:3F:26:3E:EF,-58,127,1.0,8.5,1.5
1758855866882,2025-09-26 12:04:26.882,68:9E:19:03:95:F1,-78,127,1.0,8.5,1.5
1758855866924,2025-09-26 12:04:26.924,68:9E:19:03:95:84,-88,127,1.0,8.5,1.5
1758855866991,2025-09-26 12:04:26.991,68:9E:19:03:95:F1,-76,127,1.0,8.5,1.5
1758855867097,2025-09-26 12:04:27.097,68:9E:19:03:95:F1,-75,127,1.0,8.5,1.5
1758855867129,2025-09-26 12:04:27.129,68:9E:19:03:95:84,-92,127,1.0,8.5,1.5
1758855867157,2025-09-26 12:04:27.157,AC:23:3F:26:3E:F2,-54,127,1.0,8.5,1.5
1758855867191,2025-09-26 12:04:27.191,68:9E:19:03:95:F1,-77,127,1.0,8.5,1.5
1758855867225,2025-09-26 12:04:27.225,AC:23:3F:26:3E:F2,-65,127,1.0,8.5,1.5
1758855867301,2025-09-26 12:04:27.301,68:9E:19:03:95:F1,-76,127,1.0,8.5,1.5
1758855867412,2025-09-26 12:04:27.412,68:9E:19:03:95:F1,-78,127,1.0,8.5,1.5
1758855867420,2025-09-26 12:04:27.420,AC:23:3F:26:3E:F2,-56,127,1.0,8.5,1.5
1758855867443,2025-09-26 12:04:27.443,68:9E:19:03:95:84,-91,127,1.0,8.5,1.5
1758855867456,2025-09-26 12:04:27.456,AC:23:3F:26:3E:F1,-74,127,1.0,8.5,1.5
1758855867508,2025-09-26 12:04:27.508,68:9E:19:03:95:F1,-76,127,1.0,8.5,1.5
1758855867557,2025-09-26 12:04:27.557,68:9E:19:03:95:84,-87,127,1.0,8.5,1.5
1758855867617,2025-09-26 12:04:27.617,68:9E:19:03:95:F1,-76,127,1.0,8.5,1.5
1758855867729,2025-09-26 12:04:27.729,68:9E:19:03:95:F1,-78,127,1.0,8.5,1.5
1758855867770,2025-09-26 12:04:27.770,68:9E:19:03:95:84,-91,127,1.0,8.5,1.5
1758855867836,2025-09-26 12:04:27.836,68:9E:19:03:95:F1,-76,127,1.0,8.5,1.5
1758855867864,2025-09-26 12:04:27.864,AC:23:3F:26:3E:F2,-65,127,1.0,8.5,1.5
1758855867882,2025-09-26 12:04:27.882,68:9E:19:03:95:84,-88,127,1.0,8.5,1.5
1758855867935,2025-09-26 12:04:27.935,AC:23:3F:26:3E:F2,-70,127,1.0,8.5,1.5
1758855867940,2025-09-26 12:04:27.940,68:9E:19:03:95:F1,-78,127,1.0,8.5,1.5
1758855867981,2025-09-26 12:04:27.981,68:9E:19:03:95:84,-95,127,1.0,8.5,1.5
1758855868045,2025-09-26 12:04:28.045,68:9E:19:03:95:F1,-78,127,1.0,8.5,1.5
1758855868066,2025-09-26 12:04:28.066,AC:23:3F:26:3E:EF,-59,127,1.0,8.5,1.5
1758855868089,2025-09-26 12:04:28.089,68:9E:19:03:95:84,-93,127,1.0,8.5,1.5
1758855868110,2025-09-26 12:04:28.110,AC:23:3F:26:3E:F2,-67,127,1.0,8.5,1.5
1758855868144,2025-09-26 12:04:28.144,68:9E:19:03:95:F1,-75,127,1.0,8.5,1.5
1758855868164,2025-09-26 12:04:28.164,AC:23:3F:26:3E:F1,-88,127,1.0,8.5,1.5
1758855868209,2025-09-26 12:04:28.209,AC:23:3F:26:3E:F1,-75,127,1.0,8.5,1.5
1758855868233,2025-09-26 12:04:28.233,AC:23:3F:26:3E:F1,-75,127,1.0,8.5,1.5
1758855868256,2025-09-26 12:04:28.256,68:9E:19:03:95:F1,-76,127,1.0,8.5,1.5
1758855868302,2025-09-26 12:04:28.302,68:9E:19:03:95:84,-93,127,1.0,8.5,1.5
1758855868363,2025-09-26 12:04:28.363,68:9E:19:03:95:F1,-78,127,1.0,8.5,1.5
1758855868400,2025-09-26 12:04:28.400,68:9E:19:03:95:84,-88,127,1.0,8.5,1.5
1758855868517,2025-09-26 12:04:28.517,68:9E:19:03:95:84,-93,127,1.0,8.5,1.5
1758855868569,2025-09-26 12:04:28.569,AC:23:3F:26:3E:F2,-71,127,1.0,8.5,1.5
1758855868574,2025-09-26 12:04:28.574,68:9E:19:03:95:F1,-78,127,1.0,8.5,1.5
1758855868644,2025-09-26 12:04:28.644,AC:23:3F:26:3E:F2,-55,127,1.0,8.5,1.5
1758855868669,2025-09-26 12:04:28.669,AC:23:3F:26:3E:EF,-58,127,1.0,8.5,1.5
1758855868676,2025-09-26 12:04:28.676,68:9E:19:03:95:F1,-77,127,1.0,8.5,1.5
1758855868723,2025-09-26 12:04:28.723,68:9E:19:03:95:84,-88,127,1.0,8.5,1.5
1758855868788,2025-09-26 12:04:28.788,68:9E:19:03:95:F1,-76,127,1.0,8.5,1.5
1758855868822,2025-09-26 12:04:28.822,AC:23:3F:26:3E:F2,-71,127,1.0,8.5,1.5
1758855868828,2025-09-26 12:04:28.828,68:9E:19:03:95:84,-94,127,1.0,8.5,1.5
1758855868888,2025-09-26 12:04:28.888,68:9E:19:03:95:F1,-78,127,1.0,8.5,1.5
1758855868893,2025-09-26 12:04:28.893,AC:23:3F:26:3E:F1,-74,127,1.0,8.5,1.5
1758855868917,2025-09-26 12:04:28.917,AC:23:3F:26:3E:F1,-74,127,1.0,8.5,1.5
1758855868939,2025-09-26 12:04:28.939,AC:23:3F:26:3E:F1,-74,127,1.0,8.5,1.5
1758855868999,2025-09-26 12:04:28.999,68:9E:19:03:95:F1,-78,127,1.0,8.5,1.5
1758855869031,2025-09-26 12:04:29.031,68:9E:19:03:95:84,-87,127,1.0,8.5,1.5
1758855869104,2025-09-26 12:04:29.104,68:9E:19:03:95:F1,-78,127,1.0,8.5,1.5
1758855869135,2025-09-26 12:04:29.135,68:9E:19:03:95:84,-93,127,1.0,8.5,1.5
1758855869206,2025-09-26 12:04:29.206,68:9E:19:03:95:F1,-77,127,1.0,8.5,1.5
1758855869245,2025-09-26 12:04:29.245,68:9E:19:03:95:84,-91,127,1.0,8.5,1.5
1758855869265,2025-09-26 12:04:29.265,AC:23:3F:26:3E:F2,-54,127,1.0,8.5,1.5
1758855869279,2025-09-26 12:04:29.279,AC:23:3F:26:3E:EF,-58,127,1.0,8.5,1.5
1758855869309,2025-09-26 12:04:29.309,68:9E:19:03:95:F1,-75,127,1.0,8.5,1.5
1758855869345,2025-09-26 12:04:29.345,AC:23:3F:26:3E:F2,-65,127,1.0,8.5,1.5
1758855869351,2025-09-26 12:04:29.351,68:9E:19:03:95:84,-88,127,1.0,8.5,1.5
1758855869412,2025-09-26 12:04:29.412,68:9E:19:03:95:F1,-78,127,1.0,8.5,1.5
1758855869458,2025-09-26 12:04:29.458,68:9E:19:03:95:84,-92,127,1.0,8.5,1.5
1758855869532,2025-09-26 12:04:29.532,AC:23:3F:26:3E:F2,-54,127,1.0,8.5,1.5
1758855869570,2025-09-26 12:04:29.570,68:9E:19:03:95:84,-92,127,1.0,8.5,1.5
1758855869606,2025-09-26 12:04:29.606,AC:23:3F:26:3E:F1,-76,127,1.0,8.5,1.5
1758855869618,2025-09-26 12:04:29.618,68:9E:19:03:95:F1,-76,127,1.0,8.5,1.5
1758855869634,2025-09-26 12:04:29.634,AC:23:3F:26:3E:F1,-76,127,1.0,8.5,1.5
1758855869644,2025-09-26 12:04:29.644,AC:23:3F:26:3E:F2,-77,127,1.0,8.5,1.5
1758855869650,2025-09-26 12:04:29.650,AC:23:3F:26:3E:F1,-76,127,1.0,8.5,1.5
1758855869667,2025-09-26 12:04:29.667,68:9E:19:03:95:84,-88,127,1.0,8.5,1.5
1758855869727,2025-09-26 12:04:29.727,68:9E:19:03:95:F1,-76,127,1.0,8.5,1.5
1758855869777,2025-09-26 12:04:29.777,68:9E:19:03:95:84,-94,127,1.0,8.5,1.5
1758855869831,2025-09-26 12:04:29.831,68:9E:19:03:95:F1,-77,127,1.0,8.5,1.5
1758855869880,2025-09-26 12:04:29.880,AC:23:3F:26:3E:EF,-58,127,1.0,8.5,1.5
1758855869942,2025-09-26 12:04:29.942,68:9E:19:03:95:F1,-76,127,1.0,8.5,1.5
1758855869964,2025-09-26 12:04:29.964,AC:23:3F:26:3E:F2,-65,127,1.0,8.5,1.5
1758855869976,2025-09-26 12:04:29.976,68:9E:19:03:95:84,-87,127,1.0,8.5,1.5
1758855870064,2025-09-26 12:04:30.064,AC:23:3F:26:3E:F2,-71,127,1.0,8.5,1.5
1758855870092,2025-09-26 12:04:30.092,68:9E:19:03:95:84,-94,127,1.0,8.5,1.5
1758855870156,2025-09-26 12:04:30.156,68:9E:19:03:95:F1,-77,127,1.0,8.5,1.5
1758855870195,2025-09-26 12:04:30.195,68:9E:19:03:95:84,-93,127,1.0,8.5,1.5
1758855870236,2025-09-26 12:04:30.236,AC:23:3F:26:3E:F2,-65,127,1.0,8.5,1.5
1758855870259,2025-09-26 12:04:30.259,68:9E:19:03:95:F1,-76,127,1.0,8.5,1.5
1758855870314,2025-09-26 12:04:30.314,AC:23:3F:26:3E:F1,-74,127,1.0,8.5,1.5
1758855870357,2025-09-26 12:04:30.357,AC:23:3F:26:3E:F1,-74,127,1.0,8.5,1.5
1758855870366,2025-09-26 12:04:30.366,68:9E:19:03:95:F1,-77,127,1.0,8.5,1.5
1758855870414,2025-09-26 12:04:30.414,68:9E:19:03:95:84,-92,127,1.0,8.5,1.5
1758855870477,2025-09-26 12:04:30.477,68:9E:19:03:95:F1,-78,127,1.0,8.5,1.5
1758855870482,2025-09-26 12:04:30.482,AC:23:3F:26:3E:EF,-59,127,1.0,8.5,1.5
1758855870522,2025-09-26 12:04:30.522,68:9E:19:03:95:84,-88,127,1.0,8.5,1.5
1758855870583,2025-09-26 12:04:30.583,68:9E:19:03:95:F1,-77,127,1.0,8.5,1.5
1758855870674,2025-09-26 12:04:30.674,AC:23:3F:26:3E:F2,-70,127,1.0,8.5,1.5
1758855870696,2025-09-26 12:04:30.696,68:9E:19:03:95:F1,-76,127,1.0,8.5,1.5
1758855870739,2025-09-26 12:04:30.739,68:9E:19:03:95:84,-92,127,1.0,8.5,1.5
1758855870763,2025-09-26 12:04:30.763,AC:23:3F:26:3E:F2,-54,127,1.0,8.5,1.5
1758855870793,2025-09-26 12:04:30.793,68:9E:19:03:95:F1,-78,127,1.0,8.5,1.5
1758855870953,2025-09-26 12:04:30.953,AC:23:3F:26:3E:F2,-72,127,1.0,8.5,1.5
1758855870999,2025-09-26 12:04:30.999,68:9E:19:03:95:F1,-78,127,1.0,8.5,1.5
1758855871024,2025-09-26 12:04:31.024,AC:23:3F:26:3E:F1,-73,127,1.0,8.5,1.5
1758855871047,2025-09-26 12:04:31.047,AC:23:3F:26:3E:F1,-74,127,1.0,8.5,1.5
1758855871055,2025-09-26 12:04:31.055,68:9E:19:03:95:84,-91,127,1.0,8.5,1.5
1758855871069,2025-09-26 12:04:31.069,AC:23:3F:26:3E:F1,-74,127,1.0,8.5,1.5
1758855871087,2025-09-26 12:04:31.087,AC:23:3F:26:3E:EF,-58,127,1.0,8.5,1.5
1758855871106,2025-09-26 12:04:31.106,68:9E:19:03:95:F1,-75,127,1.0,8.5,1.5
1758855871163,2025-09-26 12:04:31.163,68:9E:19:03:95:84,-87,127,1.0,8.5,1.5
1758855871221,2025-09-26 12:04:31.221,68:9E:19:03:95:F1,-78,127,1.0,8.5,1.5
1758855871271,2025-09-26 12:04:31.271,68:9E:19:03:95:84,-93,127,1.0,8.5,1.5
1758855871326,2025-09-26 12:04:31.326,68:9E:19:03:95:F1,-78,127,1.0,8.5,1.5
1758855871372,2025-09-26 12:04:31.372,68:9E:19:03:95:84,-91,127,1.0,8.5,1.5
1758855871381,2025-09-26 12:04:31.381,AC:23:3F:26:3E:F2,-54,127,1.0,8.5,1.5
1758855871429,2025-09-26 12:04:31.429,68:9E:19:03:95:F1,-76,127,1.0,8.5,1.5
1758855871476,2025-09-26 12:04:31.476,AC:23:3F:26:3E:F2,-65,127,1.0,8.5,1.5
1758855871535,2025-09-26 12:04:31.535,68:9E:19:03:95:F1,-78,127,1.0,8.5,1.5
1758855871573,2025-09-26 12:04:31.573,68:9E:19:03:95:84,-95,127,1.0,8.5,1.5
1758855871644,2025-09-26 12:04:31.644,68:9E:19:03:95:F1,-78,127,1.0,8.5,1.5
1758855871661,2025-09-26 12:04:31.661,AC:23:3F:26:3E:F2,-54,127,1.0,8.5,1.5
1758855871678,2025-09-26 12:04:31.678,68:9E:19:03:95:84,-92,127,1.0,8.5,1.5
1758855871692,2025-09-26 12:04:31.692,AC:23:3F:26:3E:EF,-58,127,1.0,8.5,1.5
1758855871754,2025-09-26 12:04:31.754,68:9E:19:03:95:F1,-76,127,1.0,8.5,1.5
1758855871758,2025-09-26 12:04:31.758,AC:23:3F:26:3E:F1,-76,127,1.0,8.5,1.5
1758855871778,2025-09-26 12:04:31.778,AC:23:3F:26:3E:F1,-76,127,1.0,8.5,1.5
1758855871786,2025-09-26 12:04:31.786,68:9E:19:03:95:84,-88,127,1.0,8.5,1.5
1758855871861,2025-09-26 12:04:31.861,68:9E:19:03:95:F1,-76,127,1.0,8.5,1.5
1758855871890,2025-09-26 12:04:31.890,68:9E:19:03:95:84,-94,127,1.0,8.5,1.5
1758855871965,2025-09-26 12:04:31.965,68:9E:19:03:95:F1,-77,127,1.0,8.5,1.5
1758855872064,2025-09-26 12:04:32.064,68:9E:19:03:95:F1,-76,127,1.0,8.5,1.5
1758855872070,2025-09-26 12:04:32.070,AC:23:3F:26:3E:F2,-65,127,1.0,8.5,1.5
1758855872095,2025-09-26 12:04:32.095,68:9E:19:03:95:84,-87,127,1.0,8.5,1.5
1758855872169,2025-09-26 12:04:32.169,68:9E:19:03:95:F1,-78,127,1.0,8.5,1.5
1758855872176,2025-09-26 12:04:32.176,AC:23:3F:26:3E:F1,-87,127,1.0,8.5,1.5
1758855872279,2025-09-26 12:04:32.279,68:9E:19:03:95:F1,-77,127,1.0,8.5,1.5
1758855872304,2025-09-26 12:04:32.304,AC:23:3F:26:3E:EF,-66,127,1.0,8.5,1.5
1758855872309,2025-09-26 12:04:32.309,68:9E:19:03:95:84,-87,127,1.0,8.5,1.5
1758855872376,2025-09-26 12:04:32.376,AC:23:3F:26:3E:F2,-65,127,1.0,8.5,1.5
1758855872381,2025-09-26 12:04:32.381,68:9E:19:03:95:F1,-76,127,1.0,8.5,1.5
1758855872477,2025-09-26 12:04:32.477,AC:23:3F:26:3E:F1,-74,127,1.0,8.5,1.5
1758855872485,2025-09-26 12:04:32.485,68:9E:19:03:95:F1,-78,127,1.0,8.5,1.5
1758855872493,2025-09-26 12:04:32.493,AC:23:3F:26:3E:F1,-74,127,1.0,8.5,1.5
1758855872518,2025-09-26 12:04:32.518,68:9E:19:03:95:84,-91,127,1.0,8.5,1.5
1758855872595,2025-09-26 12:04:32.595,68:9E:19:03:95:F1,-78,127,1.0,8.5,1.5
1758855872623,2025-09-26 12:04:32.623,68:9E:19:03:95:84,-87,127,1.0,8.5,1.5
1758855872774,2025-09-26 12:04:32.774,AC:23:3F:26:3E:F2,-71,127,1.0,8.5,1.5
1758855872833,2025-09-26 12:04:32.833,68:9E:19:03:95:84,-91,127,1.0,8.5,1.5
1758855872895,2025-09-26 12:04:32.895,AC:23:3F:26:3E:F2,-54,127,1.0,8.5,1.5
1758855872904,2025-09-26 12:04:32.904,68:9E:19:03:95:F1,-76,127,1.0,8.5,1.5
1758855872933,2025-09-26 12:04:32.933,68:9E:19:03:95:84,-88,127,1.0,8.5,1.5
1758855873013,2025-09-26 12:04:33.013,68:9E:19:03:95:F1,-78,127,1.0,8.5,1.5
1758855873040,2025-09-26 12:04:33.040,68:9E:19:03:95:84,-98,127,1.0,8.5,1.5
1758855873085,2025-09-26 12:04:33.085,AC:23:3F:26:3E:F2,-70,127,1.0,8.5,1.5
1758855873115,2025-09-26 12:04:33.115,68:9E:19:03:95:F1,-78,127,1.0,8.5,1.5
1758855873150,2025-09-26 12:04:33.150,68:9E:19:03:95:84,-93,127,1.0,8.5,1.5
1758855873167,2025-09-26 12:04:33.167,AC:23:3F:26:3E:F1,-73,127,1.0,8.5,1.5
1758855873183,2025-09-26 12:04:33.183,AC:23:3F:26:3E:F1,-74,127,1.0,8.5,1.5
1758855873199,2025-09-26 12:04:33.199,AC:23:3F:26:3E:F1,-76,127,1.0,8.5,1.5
1758855873221,2025-09-26 12:04:33.221,68:9E:19:03:95:F1,-74,127,1.0,8.5,1.5
1758855873253,2025-09-26 12:04:33.253,68:9E:19:03:95:84,-86,127,1.0,8.5,1.5
1758855873325,2025-09-26 12:04:33.325,68:9E:19:03:95:F1,-78,127,1.0,8.5,1.5
1758855873431,2025-09-26 12:04:33.431,68:9E:19:03:95:F1,-77,127,1.0,8.5,1.5
1758855873468,2025-09-26 12:04:33.468,68:9E:19:03:95:84,-92,127,1.0,8.5,1.5
1758855873474,2025-09-26 12:04:33.474,AC:23:3F:26:3E:F2,-55,127,1.0,8.5,1.5
1758855873506,2025-09-26 12:04:33.506,AC:23:3F:26:3E:EF,-66,127,1.0,8.5,1.5
1758855873530,2025-09-26 12:04:33.530,68:9E:19:03:95:F1,-77,127,1.0,8.5,1.5
1758855873611,2025-09-26 12:04:33.611,AC:23:3F:26:3E:F2,-70,127,1.0,8.5,1.5
1758855873634,2025-09-26 12:04:33.634,AC:23:3F:26:3E:F2,-83,127,1.0,8.5,1.5
1758855873638,2025-09-26 12:04:33.638,68:9E:19:03:95:F1,-78,127,1.0,8.5,1.5
1758855873686,2025-09-26 12:04:33.686,68:9E:19:03:95:84,-93,127,1.0,8.5,1.5
1758855873787,2025-09-26 12:04:33.787,68:9E:19:03:95:84,-92,127,1.0,8.5,1.5
1758855873793,2025-09-26 12:04:33.793,AC:23:3F:26:3E:F2,-54,127,1.0,8.5,1.5
1758855873841,2025-09-26 12:04:33.841,68:9E:19:03:95:F1,-77,127,1.0,8.5,1.5
1758855873873,2025-09-26 12:04:33.873,AC:23:3F:26:3E:F1,-76,127,1.0,8.5,1.5
1758855873891,2025-09-26 12:04:33.891,68:9E:19:03:95:84,-86,127,1.0,8.5,1.5
1758855873896,2025-09-26 12:04:33.896,AC:23:3F:26:3E:F1,-76,127,1.0,8.5,1.5
1758855873900,2025-09-26 12:04:33.900,AC:23:3F:26:3E:F1,-75,127,1.0,8.5,1.5
1758855873912,2025-09-26 12:04:33.912,AC:23:3F:26:3E:F1,-75,127,1.0,8.5,1.5
1758855873947,2025-09-26 12:04:33.947,68:9E:19:03:95:F1,-76,127,1.0,8.5,1.5
1758855873994,2025-09-26 12:04:33.994,68:9E:19:03:95:84,-93,127,1.0,8.5,1.5
1758855874098,2025-09-26 12:04:34.098,68:9E:19:03:95:84,-90,127,1.0,8.5,1.5
1758855874109,2025-09-26 12:04:34.109,AC:23:3F:26:3E:EF,-66,127,1.0,8.5,1.5
1758855874155,2025-09-26 12:04:34.155,68:9E:19:03:95:F1,-76,127,1.0,8.5,1.5
1758855874174,2025-09-26 12:04:34.174,AC:23:3F:26:3E:F2,-67,127,1.0,8.5,1.5
1758855874201,2025-09-26 12:04:34.201,68:9E:19:03:95:84,-92,127,1.0,8.5,1.5
1758855874308,2025-09-26 12:04:34.308,68:9E:19:03:95:84,-90,127,1.0,8.5,1.5
1758855874315,2025-09-26 12:04:34.315,AC:23:3F:26:3E:F2,-54,127,1.0,8.5,1.5
1758855874368,2025-09-26 12:04:34.368,68:9E:19:03:95:F1,-78,127,1.0,8.5,1.5
1758855874415,2025-09-26 12:04:34.415,68:9E:19:03:95:84,-85,127,1.0,8.5,1.5
1758855874471,2025-09-26 12:04:34.471,68:9E:19:03:95:F1,-76,127,1.0,8.5,1.5
1758855874501,2025-09-26 12:04:34.501,AC:23:3F:26:3E:F2,-68,127,1.0,8.5,1.5
1758855874525,2025-09-26 12:04:34.525,68:9E:19:03:95:84,-94,127,1.0,8.5,1.5
1758855874573,2025-09-26 12:04:34.573,68:9E:19:03:95:F1,-77,127,1.0,8.5,1.5
1758855874604,2025-09-26 12:04:34.604,AC:23:3F:26:3E:F1,-74,127,1.0,8.5,1.5
1758855874610,2025-09-26 12:04:34.610,AC:23:3F:26:3E:F1,-74,127,1.0,8.5,1.5
1758855874615,2025-09-26 12:04:34.615,AC:23:3F:26:3E:F1,-74,127,1.0,8.5,1.5
1758855874630,2025-09-26 12:04:34.630,68:9E:19:03:95:84,-90,127,1.0,8.5,1.5
1758855874638,2025-09-26 12:04:34.638,AC:23:3F:26:3E:F1,-74,127,1.0,8.5,1.5
1758855874684,2025-09-26 12:04:34.684,68:9E:19:03:95:F1,-79,127,1.0,8.5,1.5
1758855874718,2025-09-26 12:04:34.718,AC:23:3F:26:3E:EF,-68,127,1.0,8.5,1.5
1758855874741,2025-09-26 12:04:34.741,68:9E:19:03:95:84,-86,127,1.0,8.5,1.5
1758855874780,2025-09-26 12:04:34.780,68:9E:19:03:95:F1,-74,127,1.0,8.5,1.5
1758855874842,2025-09-26 12:04:34.842,68:9E:19:03:95:84,-93,127,1.0,8.5,1.5
1758855874869,2025-09-26 12:04:34.869,AC:23:3F:26:3E:F2,-68,127,1.0,8.5,1.5
1758855874891,2025-09-26 12:04:34.891,68:9E:19:03:95:F1,-76,127,1.0,8.5,1.5
1758855874942,2025-09-26 12:04:34.942,68:9E:19:03:95:84,-90,127,1.0,8.5,1.5
1758855875053,2025-09-26 12:04:35.053,68:9E:19:03:95:84,-87,127,1.0,8.5,1.5
1758855875106,2025-09-26 12:04:35.106,68:9E:19:03:95:F1,-76,127,1.0,8.5,1.5
1758855875211,2025-09-26 12:04:35.211,68:9E:19:03:95:F1,-78,127,1.0,8.5,1.5
1758855875217,2025-09-26 12:04:35.217,AC:23:3F:26:3E:F2,-54,127,1.0,8.5,1.5
1758855875260,2025-09-26 12:04:35.260,68:9E:19:03:95:84,-90,127,1.0,8.5,1.5
1758855875304,2025-09-26 12:04:35.304,68:9E:19:03:95:F1,-76,127,1.0,8.5,1.5
1758855875309,2025-09-26 12:04:35.309,AC:23:3F:26:3E:F1,-76,127,1.0,8.5,1.5
1758855875318,2025-09-26 12:04:35.318,AC:23:3F:26:3E:EF,-66,127,1.0,8.5,1.5
1758855875332,2025-09-26 12:04:35.332,AC:23:3F:26:3E:F1,-76,127,1.0,8.5,1.5
1758855875354,2025-09-26 12:04:35.354,AC:23:3F:26:3E:F1,-76,127,1.0,8.5,1.5
1758855875414,2025-09-26 12:04:35.414,68:9E:19:03:95:F1,-76,127,1.0,8.5,1.5
1758855875473,2025-09-26 12:04:35.473,68:9E:19:03:95:84,-94,127,1.0,8.5,1.5
1758855875520,2025-09-26 12:04:35.520,68:9E:19:03:95:F1,-79,127,1.0,8.5,1.5
1758855875571,2025-09-26 12:04:35.571,AC:23:3F:26:3E:F2,-54,127,1.0,8.5,1.5
1758855875582,2025-09-26 12:04:35.582,68:9E:19:03:95:84,-92,127,1.0,8.5,1.5
1758855875690,2025-09-26 12:04:35.690,68:9E:19:03:95:84,-87,127,1.0,8.5,1.5
1758855875729,2025-09-26 12:04:35.729,68:9E:19:03:95:F1,-77,127,1.0,8.5,1.5
1758855875842,2025-09-26 12:04:35.842,68:9E:19:03:95:F1,-78,127,1.0,8.5,1.5
1758855875904,2025-09-26 12:04:35.904,68:9E:19:03:95:84,-86,127,1.0,8.5,1.5
1758855875939,2025-09-26 12:04:35.939,68:9E:19:03:95:F1,-75,127,1.0,8.5,1.5
1758855876013,2025-09-26 12:04:36.013,68:9E:19:03:95:84,-94,127,1.0,8.5,1.5
1758855876019,2025-09-26 12:04:36.019,AC:23:3F:26:3E:F1,-74,127,1.0,8.5,1.5
1758855876039,2025-09-26 12:04:36.039,AC:23:3F:26:3E:F1,-75,127,1.0,8.5,1.5
1758855876044,2025-09-26 12:04:36.044,68:9E:19:03:95:F1,-76,127,1.0,8.5,1.5
1758855876063,2025-09-26 12:04:36.063,AC:23:3F:26:3E:F1,-74,127,1.0,8.5,1.5
1758855876117,2025-09-26 12:04:36.117,68:9E:19:03:95:84,-92,127,1.0,8.5,1.5
1758855876150,2025-09-26 12:04:36.150,68:9E:19:03:95:F1,-78,127,1.0,8.5,1.5
1758855876187,2025-09-26 12:04:36.187,AC:23:3F:26:3E:F1,-86,127,1.0,8.5,1.5
1758855876224,2025-09-26 12:04:36.224,68:9E:19:03:95:84,-87,127,1.0,8.5,1.5
1758855876249,2025-09-26 12:04:36.249,68:9E:19:03:95:F1,-75,127,1.0,8.5,1.5
1758855876276,2025-09-26 12:04:36.276,AC:23:3F:26:3E:F2,-65,127,1.0,8.5,1.5
1758855876353,2025-09-26 12:04:36.353,68:9E:19:03:95:F1,-77,127,1.0,8.5,1.5
1758855876440,2025-09-26 12:04:36.440,AC:23:3F:26:3E:F2,-54,127,1.0,8.5,1.5
1758855876467,2025-09-26 12:04:36.467,68:9E:19:03:95:F1,-78,127,1.0,8.5,1.5
1758855876532,2025-09-26 12:04:36.532,AC:23:3F:26:3E:EF,-67,127,1.0,8.5,1.5
1758855876558,2025-09-26 12:04:36.558,68:9E:19:03:95:84,-88,127,1.0,8.5,1.5
1758855876638,2025-09-26 12:04:36.638,AC:23:3F:26:3E:F2,-68,127,1.0,8.5,1.5
1758855876673,2025-09-26 12:04:36.673,68:9E:19:03:95:F1,-77,127,1.0,8.5,1.5
1758855876734,2025-09-26 12:04:36.734,AC:23:3F:26:3E:F1,-74,127,1.0,8.5,1.5
1758855876755,2025-09-26 12:04:36.755,68:9E:19:03:95:84,-91,127,1.0,8.5,1.5
1758855876760,2025-09-26 12:04:36.760,AC:23:3F:26:3E:F1,-74,127,1.0,8.5,1.5
1758855876963,2025-09-26 12:04:36.963,68:9E:19:03:95:84,-94,127,1.0,8.5,1.5
1758855876976,2025-09-26 12:04:36.976,68:9E:19:03:95:F1,-77,127,1.0,8.5,1.5
1758855876980,2025-09-26 12:04:36.980,AC:23:3F:26:3E:F2,-68,127,1.0,8.5,1.5
1758855877070,2025-09-26 12:04:37.070,68:9E:19:03:95:84,-90,127,1.0,8.5,1.5
1758855877138,2025-09-26 12:04:37.138,AC:23:3F:26:3E:EF,-68,127,1.0,8.5,1.5
1758855877151,2025-09-26 12:04:37.151,AC:23:3F:26:3E:F2,-64,127,1.0,8.5,1.5
1758855877185,2025-09-26 12:04:37.185,68:9E:19:03:95:F1,-75,127,1.0,8.5,1.5
1758855877277,2025-09-26 12:04:37.277,68:9E:19:03:95:84,-93,127,1.0,8.5,1.5
1758855877298,2025-09-26 12:04:37.298,68:9E:19:03:95:F1,-77,127,1.0,8.5,1.5
1758855877338,2025-09-26 12:04:37.338,AC:23:3F:26:3E:F2,-54,127,1.0,8.5,1.5
1758855877402,2025-09-26 12:04:37.402,68:9E:19:03:95:F1,-76,127,1.0,8.5,1.5
1758855877442,2025-09-26 12:04:37.442,AC:23:3F:26:3E:F1,-76,127,1.0,8.5,1.5
1758855877462,2025-09-26 12:04:37.462,AC:23:3F:26:3E:F1,-76,127,1.0,8.5,1.5
1758855877480,2025-09-26 12:04:37.480,AC:23:3F:26:3E:F1,-76,127,1.0,8.5,1.5
1758855877508,2025-09-26 12:04:37.508,68:9E:19:03:95:F1,-77,127,1.0,8.5,1.5
1758855877611,2025-09-26 12:04:37.611,68:9E:19:03:95:F1,-78,127,1.0,8.5,1.5
1758855877628,2025-09-26 12:04:37.628,AC:23:3F:26:3E:F2,-67,127,1.0,8.5,1.5
1758855877677,2025-09-26 12:04:37.677,AC:23:3F:26:3E:F2,-54,127,1.0,8.5,1.5
1758855877742,2025-09-26 12:04:37.742,AC:23:3F:26:3E:EF,-66,127,1.0,8.5,1.5
1758855877805,2025-09-26 12:04:37.805,68:9E:19:03:95:84,-93,127,1.0,8.5,1.5
1758855877830,2025-09-26 12:04:37.830,68:9E:19:03:95:F1,-77,127,1.0,8.5,1.5
1758855877911,2025-09-26 12:04:37.911,68:9E:19:03:95:84,-92,127,1.0,8.5,1.5
1758855877931,2025-09-26 12:04:37.931,68:9E:19:03:95:F1,-78,127,1.0,8.5,1.5
1758855878016,2025-09-26 12:04:38.016,68:9E:19:03:95:84,-87,127,1.0,8.5,1.5
1758855878036,2025-09-26 12:04:38.036,68:9E:19:03:95:F1,-75,127,1.0,8.5,1.5
1758855878043,2025-09-26 12:04:38.043,AC:23:3F:26:3E:F2,-64,127,1.0,8.5,1.5
1758855878126,2025-09-26 12:04:38.126,68:9E:19:03:95:84,-94,127,1.0,8.5,1.5
1758855878144,2025-09-26 12:04:38.144,68:9E:19:03:95:F1,-77,127,1.0,8.5,1.5
1758855878150,2025-09-26 12:04:38.150,AC:23:3F:26:3E:F1,-74,127,1.0,8.5,1.5
1758855878167,2025-09-26 12:04:38.167,AC:23:3F:26:3E:F1,-75,127,1.0,8.5,1.5
1758855878194,2025-09-26 12:04:38.194,AC:23:3F:26:3E:F1,-74,127,1.0,8.5,1.5
1758855878233,2025-09-26 12:04:38.233,68:9E:19:03:95:84,-91,127,1.0,8.5,1.5
1758855878254,2025-09-26 12:04:38.254,68:9E:19:03:95:F1,-78,127,1.0,8.5,1.5
1758855878335,2025-09-26 12:04:38.335,68:9E:19:03:95:84,-87,127,1.0,8.5,1.5
1758855878382,2025-09-26 12:04:38.382,AC:23:3F:26:3E:F2,-65,127,1.0,8.5,1.5
1758855878437,2025-09-26 12:04:38.437,68:9E:19:03:95:84,-94,127,1.0,8.5,1.5
1758855878461,2025-09-26 12:04:38.461,68:9E:19:03:95:F1,-77,127,1.0,8.5,1.5
1758855878544,2025-09-26 12:04:38.544,68:9E:19:03:95:84,-91,127,1.0,8.5,1.5
1758855878561,2025-09-26 12:04:38.561,68:9E:19:03:95:F1,-78,127,1.0,8.5,1.5
1758855878564,2025-09-26 12:04:38.564,AC:23:3F:26:3E:F2,-54,127,1.0,8.5,1.5
1758855878644,2025-09-26 12:04:38.644,68:9E:19:03:95:84,-88,127,1.0,8.5,1.5
1758855878672,2025-09-26 12:04:38.672,68:9E:19:03:95:F1,-75,127,1.0,8.5,1.5
1758855878748,2025-09-26 12:04:38.748,68:9E:19:03:95:84,-95,127,1.0,8.5,1.5
1758855878755,2025-09-26 12:04:38.755,AC:23:3F:26:3E:F2,-74,127,1.0,8.5,1.5
1758855878772,2025-09-26 12:04:38.772,68:9E:19:03:95:F1,-78,127,1.0,8.5,1.5
1758855878871,2025-09-26 12:04:38.871,AC:23:3F:26:3E:F1,-74,127,1.0,8.5,1.5
1758855878882,2025-09-26 12:04:38.882,68:9E:19:03:95:F1,-78,127,1.0,8.5,1.5
1758855878921,2025-09-26 12:04:38.921,AC:23:3F:26:3E:F1,-76,127,1.0,8.5,1.5
1758855878949,2025-09-26 12:04:38.949,68:9E:19:03:95:84,-87,127,1.0,8.5,1.5
1758855878982,2025-09-26 12:04:38.982,68:9E:19:03:95:F1,-74,127,1.0,8.5,1.5
1758855879052,2025-09-26 12:04:39.052,68:9E:19:03:95:84,-95,127,1.0,8.5,1.5
1758855879083,2025-09-26 12:04:39.083,AC:23:3F:26:3E:F2,-68,127,1.0,8.5,1.5
1758855879090,2025-09-26 12:04:39.090,68:9E:19:03:95:F1,-77,127,1.0,8.5,1.5
1758855879160,2025-09-26 12:04:39.160,68:9E:19:03:95:84,-92,127,1.0,8.5,1.5
1758855879200,2025-09-26 12:04:39.200,68:9E:19:03:95:F1,-79,127,1.0,8.5,1.5
1758855879262,2025-09-26 12:04:39.262,68:9E:19:03:95:84,-88,127,1.0,8.5,1.5
1758855879268,2025-09-26 12:04:39.268,AC:23:3F:26:3E:F2,-64,127,1.0,8.5,1.5
1758855879298,2025-09-26 12:04:39.298,68:9E:19:03:95:F1,-77,127,1.0,8.5,1.5
1758855879362,2025-09-26 12:04:39.362,68:9E:19:03:95:84,-93,127,1.0,8.5,1.5
1758855879403,2025-09-26 12:04:39.403,68:9E:19:03:95:F1,-78,127,1.0,8.5,1.5
1758855879473,2025-09-26 12:04:39.473,AC:23:3F:26:3E:F2,-54,127,1.0,8.5,1.5
1758855879509,2025-09-26 12:04:39.509,68:9E:19:03:95:F1,-75,127,1.0,8.5,1.5
1758855879556,2025-09-26 12:04:39.556,AC:23:3F:26:3E:EF,-66,127,1.0,8.5,1.5
1758855879576,2025-09-26 12:04:39.576,68:9E:19:03:95:84,-88,127,1.0,8.5,1.5
1758855879580,2025-09-26 12:04:39.580,AC:23:3F:26:3E:F1,-76,127,1.0,8.5,1.5
1758855879603,2025-09-26 12:04:39.603,AC:23:3F:26:3E:F1,-75,127,1.0,8.5,1.5
1758855879629,2025-09-26 12:04:39.629,68:9E:19:03:95:F1,-77,127,1.0,8.5,1.5
1758855879634,2025-09-26 12:04:39.634,AC:23:3F:26:3E:F1,-75,127,1.0,8.5,1.5
1758855879681,2025-09-26 12:04:39.681,68:9E:19:03:95:84,-92,127,1.0,8.5,1.5
1758855879730,2025-09-26 12:04:39.730,68:9E:19:03:95:F1,-78,127,1.0,8.5,1.5
1758855879785,2025-09-26 12:04:39.785,AC:23:3F:26:3E:F2,-54,127,1.0,8.5,1.5
1758855879789,2025-09-26 12:04:39.789,68:9E:19:03:95:84,-92,127,1.0,8.5,1.5
1758855879834,2025-09-26 12:04:39.834,68:9E:19:03:95:F1,-75,127,1.0,8.5,1.5
1758855879889,2025-09-26 12:04:39.889,68:9E:19:03:95:84,-88,127,1.0,8.5,1.5
1758855879935,2025-09-26 12:04:39.935,68:9E:19:03:95:F1,-77,127,1.0,8.5,1.5
1758855879982,2025-09-26 12:04:39.982,AC:23:3F:26:3E:F2,-68,127,1.0,8.5,1.5
1758855879989,2025-09-26 12:04:39.989,68:9E:19:03:95:84,-94,127,1.0,8.5,1.5
1758855880037,2025-09-26 12:04:40.037,68:9E:19:03:95:F1,-78,127,1.0,8.5,1.5
1758855880098,2025-09-26 12:04:40.098,68:9E:19:03:95:84,-90,127,1.0,8.5,1.5
1758855880164,2025-09-26 12:04:40.164,AC:23:3F:26:3E:EF,-68,127,1.0,8.5,1.5
1758855880186,2025-09-26 12:04:40.186,AC:23:3F:26:3E:F2,-67,127,1.0,8.5,1.5
1758855880248,2025-09-26 12:04:40.248,68:9E:19:03:95:F1,-77,127,1.0,8.5,1.5
1758855880300,2025-09-26 12:04:40.300,AC:23:3F:26:3E:F1,-74,127,1.0,8.5,1.5
1758855880310,2025-09-26 12:04:40.310,68:9E:19:03:95:84,-90,127,1.0,8.5,1.5
1758855880327,2025-09-26 12:04:40.327,AC:23:3F:26:3E:F1,-74,127,1.0,8.5,1.5
1758855880342,2025-09-26 12:04:40.342,AC:23:3F:26:3E:F1,-74,127,1.0,8.5,1.5
1758855880372,2025-09-26 12:04:40.372,68:9E:19:03:95:F1,-78,127,1.0,8.5,1.5
1758855880413,2025-09-26 12:04:40.413,68:9E:19:03:95:84,-88,127,1.0,8.5,1.5
1758855880465,2025-09-26 12:04:40.465,68:9E:19:03:95:F1,-75,127,1.0,8.5,1.5
1758855880484,2025-09-26 12:04:40.484,AC:23:3F:26:3E:F2,-65,127,1.0,8.5,1.5
1758855880528,2025-09-26 12:04:40.528,68:9E:19:03:95:84,-92,127,1.0,8.5,1.5
1758855880564,2025-09-26 12:04:40.564,68:9E:19:03:95:F1,-77,127,1.0,8.5,1.5
1758855880633,2025-09-26 12:04:40.633,68:9E:19:03:95:84,-90,127,1.0,8.5,1.5
1758855880668,2025-09-26 12:04:40.668,68:9E:19:03:95:F1,-78,127,1.0,8.5,1.5
1758855880695,2025-09-26 12:04:40.695,AC:23:3F:26:3E:F2,-54,127,1.0,8.5,1.5
1758855880735,2025-09-26 12:04:40.735,68:9E:19:03:95:84,-87,127,1.0,8.5,1.5
1758855880766,2025-09-26 12:04:40.766,AC:23:3F:26:3E:EF,-66,127,1.0,8.5,1.5
1758855880770,2025-09-26 12:04:40.770,68:9E:19:03:95:F1,-76,127,1.0,8.5,1.5
1758855880886,2025-09-26 12:04:40.886,68:9E:19:03:95:F1,-77,127,1.0,8.5,1.5
1758855880891,2025-09-26 12:04:40.891,AC:23:3F:26:3E:F2,-68,127,1.0,8.5,1.5
1758855880951,2025-09-26 12:04:40.951,68:9E:19:03:95:84,-91,127,1.0,8.5,1.5
1758855880991,2025-09-26 12:04:40.991,68:9E:19:03:95:F1,-78,127,1.0,8.5,1.5
1758855881022,2025-09-26 12:04:41.022,AC:23:3F:26:3E:F1,-76,127,1.0,8.5,1.5
1758855881044,2025-09-26 12:04:41.044,AC:23:3F:26:3E:F1,-76,127,1.0,8.5,1.5
1758855881051,2025-09-26 12:04:41.051,68:9E:19:03:95:84,-87,127,1.0,8.5,1.5
1758855881100,2025-09-26 12:04:41.100,68:9E:19:03:95:F1,-77,127,1.0,8.5,1.5
1758855881164,2025-09-26 12:04:41.164,68:9E:19:03:95:84,-92,127,1.0,8.5,1.5
1758855881184,2025-09-26 12:04:41.184,AC:23:3F:26:3E:F2,-68,127,1.0,8.5,1.5
1758855881199,2025-09-26 12:04:41.199,68:9E:19:03:95:F1,-78,127,1.0,8.5,1.5
1758855881264,2025-09-26 12:04:41.264,68:9E:19:03:95:84,-91,127,1.0,8.5,1.5
1758855881302,2025-09-26 12:04:41.302,68:9E:19:03:95:F1,-75,127,1.0,8.5,1.5
1758855881371,2025-09-26 12:04:41.371,AC:23:3F:26:3E:EF,-66,127,1.0,8.5,1.5
1758855881476,2025-09-26 12:04:41.476,68:9E:19:03:95:84,-94,127,1.0,8.5,1.5
1758855881507,2025-09-26 12:04:41.507,68:9E:19:03:95:F1,-78,127,1.0,8.5,1.5
1758855881581,2025-09-26 12:04:41.581,68:9E:19:03:95:84,-91,127,1.0,8.5,1.5
1758855881611,2025-09-26 12:04:41.611,AC:23:3F:26:3E:F2,-65,127,1.0,8.5,1.5
1758855881615,2025-09-26 12:04:41.615,68:9E:19:03:95:F1,-75,127,1.0,8.5,1.5
1758855881633,2025-09-26 12:04:41.633,AC:23:3F:26:3E:F2,-78,127,1.0,8.5,1.5
1758855881689,2025-09-26 12:04:41.689,68:9E:19:03:95:84,-86,127,1.0,8.5,1.5
1758855881748,2025-09-26 12:04:41.748,AC:23:3F:26:3E:F1,-75,127,1.0,8.5,1.5
1758855881831,2025-09-26 12:04:41.831,68:9E:19:03:95:F1,-78,127,1.0,8.5,1.5
1758855881883,2025-09-26 12:04:41.883,AC:23:3F:26:3E:F2,-54,127,1.0,8.5,1.5
1758855881894,2025-09-26 12:04:41.894,68:9E:19:03:95:84,-92,127,1.0,8.5,1.5
1758855881982,2025-09-26 12:04:41.982,AC:23:3F:26:3E:EF,-66,127,1.0,8.5,1.5
1758855882001,2025-09-26 12:04:42.001,68:9E:19:03:95:84,-94,127,1.0,8.5,1.5
1758855882036,2025-09-26 12:04:42.036,68:9E:19:03:95:F1,-77,127,1.0,8.5,1.5
1758855882151,2025-09-26 12:04:42.151,68:9E:19:03:95:F1,-79,127,1.0,8.5,1.5
1758855882215,2025-09-26 12:04:42.215,68:9E:19:03:95:84,-87,127,1.0,8.5,1.5
1758855882251,2025-09-26 12:04:42.251,68:9E:19:03:95:F1,-76,127,1.0,8.5,1.5
1758855882314,2025-09-26 12:04:42.314,AC:23:3F:26:3E:F2,-68,127,1.0,8.5,1.5
1758855882329,2025-09-26 12:04:42.329,68:9E:19:03:95:84,-94,127,1.0,8.5,1.5
1758855882365,2025-09-26 12:04:42.365,68:9E:19:03:95:F1,-76,127,1.0,8.5,1.5
1758855882427,2025-09-26 12:04:42.427,68:9E:19:03:95:84,-92,127,1.0,8.5,1.5
1758855882438,2025-09-26 12:04:42.438,AC:23:3F:26:3E:F1,-74,127,1.0,8.5,1.5
1758855882463,2025-09-26 12:04:42.463,AC:23:3F:26:3E:F1,-75,127,1.0,8.5,1.5
1758855882466,2025-09-26 12:04:42.466,68:9E:19:03:95:F1,-78,127,1.0,8.5,1.5
1758855882476,2025-09-26 12:04:42.476,AC:23:3F:26:3E:F1,-74,127,1.0,8.5,1.5
1758855882534,2025-09-26 12:04:42.534,68:9E:19:03:95:84,-86,127,1.0,8.5,1.5
1758855882566,2025-09-26 12:04:42.566,68:9E:19:03:95:F1,-74,127,1.0,8.5,1.5
1758855882591,2025-09-26 12:04:42.591,AC:23:3F:26:3E:EF,-68,127,1.0,8.5,1.5
1758855882594,2025-09-26 12:04:42.594,AC:23:3F:26:3E:F2,-67,127,1.0,8.5,1.5
1758855882631,2025-09-26 12:04:42.631,68:9E:19:03:95:84,-95,127,1.0,8.5,1.5
1758855882675,2025-09-26 12:04:42.675,68:9E:19:03:95:F1,-76,127,1.0,8.5,1.5
1758855882736,2025-09-26 12:04:42.736,68:9E:19:03:95:84,-90,127,1.0,8.5,1.5
1758855882828,2025-09-26 12:04:42.828,AC:23:3F:26:3E:F2,-65,127,1.0,8.5,1.5
1758855882836,2025-09-26 12:04:42.836,68:9E:19:03:95:84,-88,127,1.0,8.5,1.5
1758855882880,2025-09-26 12:04:42.880,68:9E:19:03:95:F1,-75,127,1.0,8.5,1.5
1758855882939,2025-09-26 12:04:42.939,68:9E:19:03:95:84,-94,127,1.0,8.5,1.5
1758855882984,2025-09-26 12:04:42.984,68:9E:19:03:95:F1,-77,127,1.0,8.5,1.5
1758855883022,2025-09-26 12:04:43.022,AC:23:3F:26:3E:F2,-54,127,1.0,8.5,1.5
1758855883037,2025-09-26 12:04:43.037,68:9E:19:03:95:84,-90,127,1.0,8.5,1.5
1758855883095,2025-09-26 12:04:43.095,68:9E:19:03:95:F1,-78,127,1.0,8.5,1.5
1758855883175,2025-09-26 12:04:43.175,AC:23:3F:26:3E:F1,-76,127,1.0,8.5,1.5
1758855883200,2025-09-26 12:04:43.200,AC:23:3F:26:3E:EF,-66,127,1.0,8.5,1.5
1758855883204,2025-09-26 12:04:43.204,68:9E:19:03:95:F1,-75,127,1.0,8.5,1.5
1758855883208,2025-09-26 12:04:43.208,AC:23:3F:26:3E:F1,-75,127,1.0,8.5,1.5
1758855883249,2025-09-26 12:04:43.249,68:9E:19:03:95:84,-94,127,1.0,8.5,1.5
1758855883281,2025-09-26 12:04:43.281,AC:23:3F:26:3E:F2,-76,127,1.0,8.5,1.5
1758855883294,2025-09-26 12:04:43.294,68:9E:19:03:95:F1,-78,127,1.0,8.5,1.5
1758855883357,2025-09-26 12:04:43.357,68:9E:19:03:95:84,-91,127,1.0,8.5,1.5
1758855883402,2025-09-26 12:04:43.402,68:9E:19:03:95:F1,-74,127,1.0,8.5,1.5
1758855883455,2025-09-26 12:04:43.455,68:9E:19:03:95:84,-86,127,1.0,8.5,1.5
1758855883512,2025-09-26 12:04:43.512,68:9E:19:03:95:F1,-76,127,1.0,8.5,1.5
1758855883529,2025-09-26 12:04:43.529,AC:23:3F:26:3E:F2,-74,127,1.0,8.5,1.5
1758855883613,2025-09-26 12:04:43.613,68:9E:19:03:95:F1,-81,127,1.0,8.5,1.5
1758855883665,2025-09-26 12:04:43.665,68:9E:19:03:95:84,-91,127,1.0,8.5,1.5
1758855883730,2025-09-26 12:04:43.730,AC:23:3F:26:3E:F2,-65,127,1.0,8.5,1.5
1758855883770,2025-09-26 12:04:43.770,68:9E:19:03:95:84,-87,127,1.0,8.5,1.5
1758855883791,2025-09-26 12:04:43.791,AC:23:3F:26:3E:EF,-67,127,1.0,8.5,1.5
1758855883815,2025-09-26 12:04:43.815,68:9E:19:03:95:F1,-77,127,1.0,8.5,1.5
1758855883871,2025-09-26 12:04:43.871,68:9E:19:03:95:84,-94,127,1.0,8.5,1.5
1758855883876,2025-09-26 12:04:43.876,AC:23:3F:26:3E:F1,-75,127,1.0,8.5,1.5
1758855883899,2025-09-26 12:04:43.899,AC:23:3F:26:3E:F1,-74,127,1.0,8.5,1.5
1758855884029,2025-09-26 12:04:44.029,68:9E:19:03:95:F1,-75,127,1.0,8.5,1.5
1758855884082,2025-09-26 12:04:44.082,68:9E:19:03:95:84,-87,127,1.0,8.5,1.5
1758855884192,2025-09-26 12:04:44.192,68:9E:19:03:95:84,-92,127,1.0,8.5,1.5
1758855884219,2025-09-26 12:04:44.219,AC:23:3F:26:3E:F1,-86,127,1.0,8.5,1.5
1758855884241,2025-09-26 12:04:44.241,AC:23:3F:26:3E:F2,-54,127,1.0,8.5,1.5
1758855884295,2025-09-26 12:04:44.295,68:9E:19:03:95:84,-91,127,1.0,8.5,1.5
1758855884338,2025-09-26 12:04:44.338,68:9E:19:03:95:F1,-76,127,1.0,8.5,1.5
1758855884398,2025-09-26 12:04:44.398,AC:23:3F:26:3E:EF,-67,127,1.0,8.5,1.5
1758855884405,2025-09-26 12:04:44.405,AC:23:3F:26:3E:EF,-63,127,1.0,8.5,1.5
1758855884441,2025-09-26 12:04:44.441,AC:23:3F:26:3E:F2,-70,127,1.0,8.5,1.5
1758855884446,2025-09-26 12:04:44.446,68:9E:19:03:95:F1,-76,127,1.0,8.5,1.5
1758855884512,2025-09-26 12:04:44.512,68:9E:19:03:95:84,-90,127,1.0,8.5,1.5
1758855884549,2025-09-26 12:04:44.549,68:9E:19:03:95:F1,-77,127,1.0,8.5,1.5
1758855884572,2025-09-26 12:04:44.572,AC:23:3F:26:3E:F1,-74,127,1.0,8.5,1.5
1758855884597,2025-09-26 12:04:44.597,AC:23:3F:26:3E:F1,-74,127,1.0,8.5,1.5
1758855884611,2025-09-26 12:04:44.611,68:9E:19:03:95:84,-88,127,1.0,8.5,1.5
1758855884655,2025-09-26 12:04:44.655,68:9E:19:03:95:F1,-77,127,1.0,8.5,1.5
1758855884726,2025-09-26 12:04:44.726,68:9E:19:03:95:84,-93,127,1.0,8.5,1.5
1758855884758,2025-09-26 12:04:44.758,68:9E:19:03:95:F1,-78,127,1.0,8.5,1.5
1758855884829,2025-09-26 12:04:44.829,68:9E:19:03:95:84,-93,127,1.0,8.5,1.5
1758855884862,2025-09-26 12:04:44.862,68:9E:19:03:95:F1,-77,127,1.0,8.5,1.5
1758855884930,2025-09-26 12:04:44.930,68:9E:19:03:95:84,-87,127,1.0,8.5,1.5
1758855884947,2025-09-26 12:04:44.947,AC:23:3F:26:3E:F2,-64,127,1.0,8.5,1.5
1758855884958,2025-09-26 12:04:44.958,68:9E:19:03:95:F1,-76,127,1.0,8.5,1.5
1758855884999,2025-09-26 12:04:44.999,AC:23:3F:26:3E:EF,-64,127,1.0,8.5,1.5
1758855885071,2025-09-26 12:04:45.071,68:9E:19:03:95:F1,-77,127,1.0,8.5,1.5
1758855885138,2025-09-26 12:04:45.138,68:9E:19:03:95:84,-90,127,1.0,8.5,1.5
1758855885147,2025-09-26 12:04:45.147,AC:23:3F:26:3E:F2,-55,127,1.0,8.5,1.5
1758855885170,2025-09-26 12:04:45.170,68:9E:19:03:95:F1,-77,127,1.0,8.5,1.5
1758855885244,2025-09-26 12:04:45.244,68:9E:19:03:95:84,-88,127,1.0,8.5,1.5
1758855885280,2025-09-26 12:04:45.280,68:9E:19:03:95:F1,-75,127,1.0,8.5,1.5
1758855885284,2025-09-26 12:04:45.284,AC:23:3F:26:3E:F1,-76,127,1.0,8.5,1.5
1758855885305,2025-09-26 12:04:45.305,AC:23:3F:26:3E:F1,-74,127,1.0,8.5,1.5
1758855885331,2025-09-26 12:04:45.331,AC:23:3F:26:3E:F1,-75,127,1.0,8.5,1.5
1758855885383,2025-09-26 12:04:45.383,AC:23:3F:26:3E:F2,-70,127,1.0,8.5,1.5
1758855885390,2025-09-26 12:04:45.390,68:9E:19:03:95:F1,-76,127,1.0,8.5,1.5
1758855885455,2025-09-26 12:04:45.455,68:9E:19:03:95:84,-90,127,1.0,8.5,1.5
1758855885557,2025-09-26 12:04:45.557,68:9E:19:03:95:84,-87,127,1.0,8.5,1.5
1758855885592,2025-09-26 12:04:45.592,68:9E:19:03:95:F1,-74,127,1.0,8.5,1.5
1758855885601,2025-09-26 12:04:45.601,AC:23:3F:26:3E:EF,-63,127,1.0,8.5,1.5
1758855885657,2025-09-26 12:04:45.657,AC:23:3F:26:3E:F2,-73,127,1.0,8.5,1.5
1758855885661,2025-09-26 12:04:45.661,68:9E:19:03:95:84,-91,127,1.0,8.5,1.5
1758855885707,2025-09-26 12:04:45.707,68:9E:19:03:95:F1,-78,127,1.0,8.5,1.5
1758855885766,2025-09-26 12:04:45.766,68:9E:19:03:95:84,-90,127,1.0,8.5,1.5
1758855885813,2025-09-26 12:04:45.813,68:9E:19:03:95:F1,-75,127,1.0,8.5,1.5
1758855885860,2025-09-26 12:04:45.860,AC:23:3F:26:3E:F2,-63,127,1.0,8.5,1.5
1758855885879,2025-09-26 12:04:45.879,68:9E:19:03:95:84,-89,127,1.0,8.5,1.5
1758855885918,2025-09-26 12:04:45.918,68:9E:19:03:95:F1,-76,127,1.0,8.5,1.5
1758855885982,2025-09-26 12:04:45.982,68:9E:19:03:95:84,-91,127,1.0,8.5,1.5
1758855886004,2025-09-26 12:04:46.004,AC:23:3F:26:3E:F1,-74,127,1.0,8.5,1.5
1758855886009,2025-09-26 12:04:46.009,AC:23:3F:26:3E:F1,-74,127,1.0,8.5,1.5
1758855886026,2025-09-26 12:04:46.026,68:9E:19:03:95:F1,-77,127,1.0,8.5,1.5
1758855886042,2025-09-26 12:04:46.042,AC:23:3F:26:3E:F1,-74,127,1.0,8.5,1.5
1758855886087,2025-09-26 12:04:46.087,AC:23:3F:26:3E:F2,-55,127,1.0,8.5,1.5
1758855886091,2025-09-26 12:04:46.091,68:9E:19:03:95:84,-90,127,1.0,8.5,1.5
1758855886128,2025-09-26 12:04:46.128,68:9E:19:03:95:F1,-75,127,1.0,8.5,1.5
1758855886188,2025-09-26 12:04:46.188,68:9E:19:03:95:84,-87,127,1.0,8.5,1.5
1758855886216,2025-09-26 12:04:46.216,AC:23:3F:26:3E:EF,-64,127,1.0,8.5,1.5
1758855886347,2025-09-26 12:04:46.347,68:9E:19:03:95:F1,-77,127,1.0,8.5,1.5
1758855886445,2025-09-26 12:04:46.445,68:9E:19:03:95:F1,-74,127,1.0,8.5,1.5
1758855886504,2025-09-26 12:04:46.504,68:9E:19:03:95:84,-92,127,1.0,8.5,1.5
1758855886555,2025-09-26 12:04:46.555,68:9E:19:03:95:F1,-77,127,1.0,8.5,1.5
1758855886565,2025-09-26 12:04:46.565,AC:23:3F:26:3E:F2,-70,127,1.0,8.5,1.5
1758855886604,2025-09-26 12:04:46.604,68:9E:19:03:95:84,-89,127,1.0,8.5,1.5
1758855886658,2025-09-26 12:04:46.658,68:9E:19:03:95:F1,-77,127,1.0,8.5,1.5
1758855886709,2025-09-26 12:04:46.709,68:9E:19:03:95:84,-88,127,1.0,8.5,1.5
1758855886714,2025-09-26 12:04:46.714,AC:23:3F:26:3E:F1,-76,127,1.0,8.5,1.5
1758855886735,2025-09-26 12:04:46.735,AC:23:3F:26:3E:F1,-76,127,1.0,8.5,1.5
1758855886750,2025-09-26 12:04:46.750,AC:23:3F:26:3E:F1,-76,127,1.0,8.5,1.5
1758855886767,2025-09-26 12:04:46.767,68:9E:19:03:95:F1,-76,127,1.0,8.5,1.5
1758855886785,2025-09-26 12:04:46.785,AC:23:3F:26:3E:F2,-64,127,1.0,8.5,1.5
1758855886811,2025-09-26 12:04:46.811,AC:23:3F:26:3E:EF,-64,127,1.0,8.5,1.5
1758855886872,2025-09-26 12:04:46.872,68:9E:19:03:95:F1,-77,127,1.0,8.5,1.5
1758855886923,2025-09-26 12:04:46.923,68:9E:19:03:95:84,-90,127,1.0,8.5,1.5
1758855886979,2025-09-26 12:04:46.979,68:9E:19:03:95:F1,-77,127,1.0,8.5,1.5
1758855887031,2025-09-26 12:04:47.031,68:9E:19:03:95:84,-88,127,1.0,8.5,1.5
1758855887071,2025-09-26 12:04:47.071,AC:23:3F:26:3E:F2,-65,127,1.0,8.5,1.5
1758855887077,2025-09-26 12:04:47.077,68:9E:19:03:95:F1,-74,127,1.0,8.5,1.5
1758855887142,2025-09-26 12:04:47.142,68:9E:19:03:95:84,-92,127,1.0,8.5,1.5
1758855887185,2025-09-26 12:04:47.185,68:9E:19:03:95:F1,-75,127,1.0,8.5,1.5
1758855887245,2025-09-26 12:04:47.245,68:9E:19:03:95:84,-90,127,1.0,8.5,1.5
